"?a  <isKnownFor>  ?b   => ?a  <created>  ?b"	0.00017148	0.0008261	0.03007519	1	0.96992481	0.96992481	0.02917067	8	266	7.7593984962406	7.7593984962406	"?b"
"?a  <created>  ?b   => ?a  <isKnownFor>  ?b"	0.00017148	0.03007519	0.0008261	1	0.9991739	0.9991739	0.00082542	8	9684	7.99339116067741	7.99339116067741	"?b"
"?a  <isLeaderOf>  ?b  ?a  <wasBornIn>  ?b   => ?a  <livesIn>  ?b"	0.00004287	0.00422833	0.4	1	0.6	0.6	0.24	2	5	1.2	1.2	"?a"
"?a  <wasBornIn>  ?b  ?a  <diedIn>  ?b   => ?a  <livesIn>  ?b"	0.0000643	0.00634249	0.04615385	1	0.95384615	0.95384615	0.04402367	3	65	2.86153846153846	2.86153846153846	"?a"
"?a  <worksAt>  ?f  ?f  <isLocatedIn>  ?b   => ?a  <livesIn>  ?b"	0.00004287	0.00422833	0.4	1	0.6	0.6	0.24	2	5	1.2	1.2	"?a"
"?a  <hasAcademicAdvisor>  ?f  ?f  <livesIn>  ?b   => ?a  <livesIn>  ?b"	0.0000643	0.00634249	0.25	1	0.75	0.75	0.1875	3	12	2.25	2.25	"?a"
"?e  <hasAcademicAdvisor>  ?a  ?e  <livesIn>  ?b   => ?a  <livesIn>  ?b"	0.0000643	0.00634249	0.16666667	1	0.83333333	0.83333333	0.13888889	3	18	2.5	2.5	"?a"
"?a  <livesIn>  ?f  ?f  <isLocatedIn>  ?b   => ?a  <isPoliticianOf>  ?b"	0.00023578	0.28947368	0.06832298	1	0.93167702	0.93167702	0.06365495	11	161	10.2484472049689	10.2484472049689	"?a"
"?a  <hasChild>  ?f  ?f  <isCitizenOf>  ?b   => ?a  <isCitizenOf>  ?b"	0.00004287	0.00464037	0.14285714	1	0.85714286	0.85714286	0.12244898	2	14	1.71428571428571	1.71428571428571	"?a"
"?e  <hasChild>  ?a  ?e  <isCitizenOf>  ?b   => ?a  <isCitizenOf>  ?b"	0.0000643	0.00696056	0.1	1	0.9	0.9	0.09	3	30	2.7	2.7	"?a"
"?e  <livesIn>  ?a  ?e  <isPoliticianOf>  ?b   => ?a  <isLocatedIn>  ?b"	0.00021434	0.00150286	0.71428571	1	0.28571429	0.28571429	0.20408163	10	14	2.85714285714286	2.85714285714286	"?a"
"?a  <isLocatedIn>  ?f  ?f  <hasOfficialLanguage>  ?b   => ?a  <hasOfficialLanguage>  ?b"	0.00004287	0.00643087	0.00081367	1	0.99918633	0.99918633	0.00081301	2	2458	1.99837266069976	1.99837266069976	"?a"
"?e  <hasChild>  ?b  ?a  <created>  ?e   => ?a  <created>  ?b"	0.00004287	0.00020653	0.22222222	1	0.77777778	0.77777778	0.17283951	2	9	1.55555555555556	1.55555555555556	"?b"
"?a  <hasChild>  ?b  ?b  <isMarriedTo>  ?a   => ?a  <isMarriedTo>  ?b"	0.00034295	0.00959808	0.8	1	0.2	0.2	0.16	16	20	3.2	3.2	"?b"
"?a  <actedIn>  ?b  ?a  <created>  ?b   => ?a  <produced>  ?b"	0.00042869	0.03246753	0.27777778	0.95238095	0.70833333	0.67460317	0.19675926	20	72	14.1666666666667	14.1666666666667	"?b"
"?a  <actedIn>  ?b  ?a  <directed>  ?b   => ?a  <created>  ?b"	0.00042869	0.00206526	0.33333333	0.95238095	0.65	0.61904762	0.21666667	20	60	13	13	"?b"
"?a  <directed>  ?b   => ?a  <created>  ?b"	0.00475843	0.02292441	0.23692636	0.925	0.74386339	0.68807364	0.17624085	222	937	165.137673425827	165.137673425827	"?b"
"?a  <produced>  ?b  ?a  <directed>  ?b   => ?a  <created>  ?b"	0.00079307	0.00382074	0.56060606	0.925	0.39393939	0.36439394	0.22084481	37	66	14.5757575757576	14.5757575757576	"?b"
"?a  <produced>  ?b  ?a  <created>  ?b   => ?a  <directed>  ?b"	0.00079307	0.03948773	0.44047619	0.925	0.52380952	0.48452381	0.23072562	37	84	19.3809523809524	19.3809523809524	"?b"
"?a  <actedIn>  ?b  ?a  <directed>  ?b   => ?a  <produced>  ?b"	0.00025721	0.01948052	0.2	0.92307692	0.78333333	0.72307692	0.15666667	12	60	9.4	9.4	"?b"
"?b  <isMarriedTo>  ?a   => ?a  <isMarriedTo>  ?b"	0.02083423	0.58308338	0.58308338	0.91958373	0.36592681	0.33650034	0.21336585	972	1667	355.680863827235	355.680863827235	"?b"
"?a  <hasChild>  ?b  ?b  <hasChild>  ?a   => ?a  <isMarriedTo>  ?b"	0.00023578	0.00659868	0.78571429	0.91666667	0.14285714	0.13095238	0.1122449	11	14	1.57142857142857	1.57142857142857	"?b"
"?a  <produced>  ?b  ?a  <actedIn>  ?b   => ?a  <created>  ?b"	0.00042869	0.00206526	0.33333333	0.90909091	0.63333333	0.57575758	0.21111111	20	60	12.6666666666667	12.6666666666667	"?b"
"?a  <created>  ?b  ?a  <directed>  ?b   => ?a  <produced>  ?b"	0.00079307	0.06006494	0.16666667	0.90243902	0.81531532	0.73577236	0.13588589	37	222	30.1666666666667	30.1666666666667	"?b"
"?b  <hasChild>  ?a  ?b  <isMarriedTo>  ?a   => ?a  <isMarriedTo>  ?b"	0.00034295	0.00959808	0.53333333	0.88888889	0.4	0.35555556	0.21333333	16	30	6.4	6.4	"?b"
"?a  <created>  ?b   => ?a  <directed>  ?b"	0.00475843	0.23692636	0.02292441	0.88095238	0.9739777	0.85802797	0.02232787	222	9684	216.223048327138	216.223048327138	"?b"
"?a  <actedIn>  ?b  ?a  <created>  ?b   => ?a  <directed>  ?b"	0.00042869	0.02134472	0.27777778	0.86956522	0.68055556	0.59178744	0.18904321	20	72	13.6111111111111	13.6111111111111	"?b"
"?a  <produced>  ?b  ?a  <actedIn>  ?b   => ?a  <directed>  ?b"	0.00025721	0.01280683	0.2	0.85714286	0.76666667	0.65714286	0.15333333	12	60	9.2	9.2	"?b"
"?a  <diedIn>  ?f  ?f  <isLocatedIn>  ?b   => ?a  <isPoliticianOf>  ?b"	0.00023578	0.28947368	0.02600473	0.84615385	0.96926714	0.82014912	0.02520553	11	423	10.661938534279	10.661938534279	"?a"
"?e  <diedIn>  ?a  ?e  <isPoliticianOf>  ?b   => ?a  <isLocatedIn>  ?b"	0.00023578	0.00165314	0.6875	0.84615385	0.1875	0.15865385	0.12890625	11	16	2.0625	2.0625	"?a"
"?a  <directed>  ?b   => ?a  <produced>  ?b"	0.00141467	0.10714286	0.07043757	0.825	0.91462113	0.75456243	0.06442369	66	937	60.3649946638207	60.3649946638207	"?b"
"?a  <produced>  ?b   => ?a  <directed>  ?b"	0.00141467	0.07043757	0.10714286	0.79518072	0.86525974	0.68803787	0.0927064	66	616	57.1071428571429	57.1071428571429	"?b"
"?a  <wasBornIn>  ?f  ?b  <hasCapital>  ?f   => ?a  <isCitizenOf>  ?b"	0.00079307	0.08584687	0.08008658	0.78723404	0.8982684	0.70714746	0.07193924	37	462	33.2359307359307	33.2359307359307	"?a"
"?a  <created>  ?b   => ?a  <produced>  ?b"	0.00180049	0.13636364	0.0086741	0.76363636	0.98864106	0.75496226	0.00857557	84	9684	83.0458488228005	83.0458488228005	"?b"
"?a  <produced>  ?b   => ?a  <created>  ?b"	0.00180049	0.0086741	0.13636364	0.76363636	0.82142857	0.62727273	0.11201299	84	616	69	69	"?b"
"?a  <wasBornIn>  ?b  ?a  <livesIn>  ?b   => ?a  <diedIn>  ?b"	0.0000643	0.00395257	0.10344828	0.75	0.86206897	0.64655172	0.08917955	3	29	2.58620689655172	2.58620689655172	"?a"
"?e  <isMarriedTo>  ?a  ?e  <hasWonPrize>  ?b   => ?a  <hasWonPrize>  ?b"	0.00012861	0.00540541	0.06666667	0.75	0.91111111	0.68333333	0.06074074	6	90	5.46666666666667	5.46666666666667	"?a"
"?a  <livesIn>  ?b  ?a  <diedIn>  ?b   => ?a  <wasBornIn>  ?b"	0.0000643	0.00164294	0.23076923	0.75	0.69230769	0.51923077	0.15976331	3	13	2.07692307692308	2.07692307692308	"?a"
"?e  <participatedIn>  ?b  ?a  <participatedIn>  ?e   => ?a  <participatedIn>  ?b"	0.0000643	0.00046729	0.75	0.75	1	0.75	0.75	3	4	3	3	"?b"
"?a  <participatedIn>  ?f  ?f  <participatedIn>  ?b   => ?a  <participatedIn>  ?b"	0.0000643	0.00046729	0.75	0.75	1	0.75	0.75	3	4	3	3	"?b"
"?a  <produced>  ?b  ?a  <created>  ?b   => ?a  <actedIn>  ?b"	0.00042869	0.00406587	0.23809524	0.71428571	0.66666667	0.47619048	0.15873016	20	84	13.3333333333333	13.3333333333333	"?b"
"?a  <hasChild>  ?f  ?f  <livesIn>  ?b   => ?a  <livesIn>  ?b"	0.00019291	0.01902748	0.14285714	0.69230769	0.79365079	0.54945055	0.11337868	9	63	7.14285714285714	7.14285714285714	"?a"
"?a  <wasBornIn>  ?f  ?f  <isLocatedIn>  ?b   => ?a  <isPoliticianOf>  ?b"	0.00023578	0.28947368	0.01095618	0.6875	0.98406375	0.67654382	0.01078157	11	1004	10.8247011952191	10.8247011952191	"?a"
"?e  <wasBornIn>  ?a  ?e  <isPoliticianOf>  ?b   => ?a  <isLocatedIn>  ?b"	0.00023578	0.00165314	0.64705882	0.6875	0.05882353	0.04044118	0.03806228	11	17	0.647058823529412	0.647058823529412	"?a"
"?a  <hasChild>  ?f  ?f  <hasWonPrize>  ?b   => ?a  <hasWonPrize>  ?b"	0.00004287	0.0018018	0.0952381	0.66666667	0.85714286	0.57142857	0.08163265	2	21	1.71428571428571	1.71428571428571	"?a"
"?a  <wasBornIn>  ?b  ?a  <livesIn>  ?b   => ?a  <isLeaderOf>  ?b"	0.00004287	0.01136364	0.06896552	0.66666667	0.89655172	0.59770115	0.06183115	2	29	1.79310344827586	1.79310344827586	"?b"
"?e  <hasChild>  ?a  ?e  <isKnownFor>  ?b   => ?a  <isCitizenOf>  ?b"	0.00004287	0.00464037	0.04	0.66666667	0.94	0.62666667	0.0376	2	50	1.88	1.88	"?a"
"?e  <hasCapital>  ?a  ?e  <hasOfficialLanguage>  ?b   => ?a  <hasOfficialLanguage>  ?b"	0.00004287	0.00643087	0.00843882	0.66666667	0.98734177	0.65822785	0.008332	2	237	1.9746835443038	1.9746835443038	"?a"
"?e  <isLocatedIn>  ?a  ?e  <hasOfficialLanguage>  ?b   => ?a  <hasOfficialLanguage>  ?b"	0.00004287	0.00643087	0.03571429	0.66666667	0.94642857	0.63095238	0.03380102	2	56	1.89285714285714	1.89285714285714	"?a"
"?a  <influences>  ?f  ?f  <isCitizenOf>  ?b   => ?a  <isCitizenOf>  ?b"	0.00015004	0.0162413	0.17948718	0.63636364	0.71794872	0.45687646	0.12886259	7	39	5.02564102564103	5.02564102564103	"?a"
"?e  <influences>  ?a  ?e  <isCitizenOf>  ?b   => ?a  <isCitizenOf>  ?b"	0.00015004	0.0162413	0.10769231	0.63636364	0.83076923	0.52867133	0.08946746	7	65	5.81538461538462	5.81538461538462	"?a"
"?a  <isLocatedIn>  ?f  ?b  <hasCapital>  ?f   => ?a  <isCitizenOf>  ?b"	0.00010717	0.01160093	0.01362398	0.625	0.97820163	0.61137602	0.013327	5	367	4.89100817438692	4.89100817438692	"?a"
"?a  <isMarriedTo>  ?b  ?b  <hasChild>  ?a   => ?a  <hasChild>  ?b"	0.00023578	0.00402047	0.55	0.61111111	0.1	0.06111111	0.055	11	20	1.1	1.1	"?b"
"?a  <diedIn>  ?f  ?b  <hasCapital>  ?f   => ?a  <isCitizenOf>  ?b"	0.00051443	0.05568445	0.09090909	0.6	0.84848485	0.50909091	0.07713499	24	264	20.3636363636364	20.3636363636364	"?a"
"?b  <participatedIn>  ?f  ?a  <participatedIn>  ?f   => ?a  <participatedIn>  ?b"	0.0000643	0.00046729	0.00099536	0.6	0.99834107	0.59900464	0.0009937	3	3014	2.99502322495023	2.99502322495023	"?b"
"?a  <directed>  ?b  ?a  <produced>  ?b   => ?a  <actedIn>  ?b"	0.00025721	0.00243952	0.18181818	0.57142857	0.68181818	0.38961039	0.12396694	12	66	8.18181818181818	8.18181818181818	"?b"
"?a  <isMarriedTo>  ?f  ?f  <diedIn>  ?b   => ?a  <diedIn>  ?b"	0.00047156	0.02898551	0.16058394	0.56410256	0.71532847	0.40351862	0.11487026	22	137	15.7372262773723	15.7372262773723	"?a"
"?e  <isMarriedTo>  ?a  ?e  <diedIn>  ?b   => ?a  <diedIn>  ?b"	0.00047156	0.02898551	0.13253012	0.56410256	0.76506024	0.43157244	0.10139353	22	166	16.8313253012048	16.8313253012048	"?a"
"?e  <wasBornIn>  ?a  ?e  <isCitizenOf>  ?b   => ?a  <isLocatedIn>  ?b"	0.00053586	0.00375714	0.25510204	0.55555556	0.54081633	0.30045351	0.13796335	25	98	13.5204081632653	13.5204081632653	"?a"
"?b  <hasChild>  ?a  ?b  <isMarriedTo>  ?a   => ?a  <hasChild>  ?b"	0.00023578	0.00402047	0.36666667	0.55	0.33333333	0.18333333	0.12222222	11	30	3.66666666666667	3.66666666666667	"?b"
"?b  <hasCapital>  ?a   => ?a  <isLocatedIn>  ?b"	0.00092168	0.00646228	0.1442953	0.5375	0.73154362	0.3932047	0.10555831	43	298	31.4563758389262	31.4563758389262	"?a"
"?a  <isMarriedTo>  ?f  ?f  <livesIn>  ?b   => ?a  <livesIn>  ?b"	0.00017148	0.01691332	0.17777778	0.53333333	0.66666667	0.35555556	0.11851852	8	45	5.33333333333333	5.33333333333333	"?a"
"?e  <isMarriedTo>  ?a  ?e  <livesIn>  ?b   => ?a  <livesIn>  ?b"	0.00017148	0.01691332	0.12903226	0.53333333	0.75806452	0.40430108	0.09781478	8	62	6.06451612903226	6.06451612903226	"?a"
"?a  <isPoliticianOf>  ?b   => ?a  <livesIn>  ?b"	0.00012861	0.01268499	0.15789474	0.5	0.68421053	0.34210526	0.10803324	6	38	4.10526315789474	4.10526315789474	"?a"
"?a  <diedIn>  ?b   => ?a  <livesIn>  ?b"	0.00027865	0.02748414	0.0171278	0.5	0.9657444	0.4828722	0.01654108	13	759	12.5546772068511	12.5546772068511	"?a"
"?a  <isCitizenOf>  ?b   => ?a  <livesIn>  ?b"	0.00047156	0.04651163	0.05104408	0.5	0.89791183	0.44895592	0.04583309	22	431	19.754060324826	19.754060324826	"?a"
"?e  <hasChild>  ?a  ?e  <livesIn>  ?b   => ?a  <livesIn>  ?b"	0.00019291	0.01902748	0.13636364	0.5	0.72727273	0.36363636	0.09917355	9	66	6.54545454545455	6.54545454545455	"?a"
"?a  <isMarriedTo>  ?f  ?f  <hasWonPrize>  ?b   => ?a  <hasWonPrize>  ?b"	0.00012861	0.00540541	0.05882353	0.5	0.88235294	0.44117647	0.05190311	6	102	5.29411764705882	5.29411764705882	"?a"
"?a  <isLeaderOf>  ?b  ?a  <livesIn>  ?b   => ?a  <wasBornIn>  ?b"	0.00004287	0.00109529	0.4	0.5	0.2	0.1	0.08	2	5	0.4	0.4	"?a"
"?a  <directed>  ?b  ?a  <created>  ?b   => ?a  <actedIn>  ?b"	0.00042869	0.00406587	0.09009009	0.5	0.81981982	0.40990991	0.07385764	20	222	16.3963963963964	16.3963963963964	"?b"
"?a  <isMarriedTo>  ?f  ?f  <isCitizenOf>  ?b   => ?a  <isCitizenOf>  ?b"	0.00004287	0.00464037	0.14285714	0.5	0.71428571	0.35714286	0.10204082	2	14	1.42857142857143	1.42857142857143	"?a"
"?e  <isMarriedTo>  ?a  ?e  <isCitizenOf>  ?b   => ?a  <isCitizenOf>  ?b"	0.00004287	0.00464037	0.1	0.5	0.8	0.4	0.08	2	20	1.6	1.6	"?a"
"?a  <dealsWith>  ?f  ?f  <isLocatedIn>  ?b   => ?a  <isLocatedIn>  ?b"	0.00008574	0.00060114	0.05797101	0.5	0.88405797	0.44202899	0.05124974	4	69	3.53623188405797	3.53623188405797	"?a"
"?e  <dealsWith>  ?a  ?e  <isLocatedIn>  ?b   => ?a  <isLocatedIn>  ?b"	0.0000643	0.00045086	0.0625	0.5	0.875	0.4375	0.0546875	3	48	2.625	2.625	"?a"
"?a  <hasCapital>  ?f  ?f  <hasOfficialLanguage>  ?b   => ?a  <hasOfficialLanguage>  ?b"	0.00004287	0.00643087	0.4	0.5	0.2	0.1	0.08	2	5	0.4	0.4	"?a"
"?e  <isMarriedTo>  ?a  ?e  <hasChild>  ?b   => ?a  <hasChild>  ?b"	0.02098427	0.35782164	0.49594732	0.49594732	1	0.49594732	0.49594732	979	1974	979	979	"?b"
"?a  <wasBornIn>  ?f  ?f  <isLocatedIn>  ?b   => ?a  <isCitizenOf>  ?b"	0.0006216	0.06728538	0.02888446	0.47540984	0.93924303	0.44652537	0.02712953	29	1004	27.2380478087649	27.2380478087649	"?a"
"?e  <diedIn>  ?a  ?e  <isCitizenOf>  ?b   => ?a  <isLocatedIn>  ?b"	0.00032152	0.00225428	0.28846154	0.46875	0.38461538	0.18028846	0.11094675	15	52	5.76923076923077	5.76923076923077	"?a"
"?a  <diedIn>  ?f  ?f  <isLocatedIn>  ?b   => ?a  <isCitizenOf>  ?b"	0.00047156	0.05104408	0.05200946	0.46808511	0.88888889	0.41607565	0.04623063	22	423	19.5555555555556	19.5555555555556	"?a"
"?a  <livesIn>  ?f  ?b  <hasCapital>  ?f   => ?a  <isCitizenOf>  ?b"	0.00015004	0.0162413	0.12727273	0.46666667	0.72727273	0.33939394	0.09256198	7	55	5.09090909090909	5.09090909090909	"?a"
"?a  <isLocatedIn>  ?f  ?f  <isLocatedIn>  ?b   => ?a  <isCitizenOf>  ?b"	0.00015004	0.0162413	0.00478142	0.4375	0.98907104	0.43271858	0.00472916	7	1464	6.92349726775956	6.92349726775956	"?a"
"?e  <isLocatedIn>  ?b  ?a  <isLocatedIn>  ?e   => ?a  <isCitizenOf>  ?b"	0.00015004	0.0162413	0.00478142	0.4375	0.98907104	0.43271858	0.00472916	7	1464	6.92349726775956	6.92349726775956	"?a"
"?a  <produced>  ?b   => ?a  <actedIn>  ?b"	0.00128606	0.0121976	0.0974026	0.43165468	0.77435065	0.33425208	0.07542376	60	616	46.461038961039	46.461038961039	"?b"
"?e  <livesIn>  ?a  ?e  <isCitizenOf>  ?b   => ?a  <isLocatedIn>  ?b"	0.00012861	0.00090171	0.11111111	0.42857143	0.74074074	0.31746032	0.08230453	6	54	4.44444444444444	4.44444444444444	"?a"
"?a  <isMarriedTo>  ?f  ?f  <hasChild>  ?b   => ?a  <hasChild>  ?b"	0.02096283	0.35745614	0.42319342	0.42319342	1	0.42319342	0.42319342	978	2311	978	978	"?b"
"?a  <isKnownFor>  ?f  ?b  <isCitizenOf>  ?f   => ?a  <hasChild>  ?b"	0.00004287	0.00073099	0.07692308	0.4	0.80769231	0.32307692	0.06213018	2	26	1.61538461538462	1.61538461538462	"?b"
"?e  <isLocatedIn>  ?a  ?e  <isCitizenOf>  ?b   => ?a  <isLocatedIn>  ?b"	0.00012861	0.00090171	0.21428571	0.4	0.46428571	0.18571429	0.0994898	6	28	2.78571428571429	2.78571428571429	"?a"
"?a  <hasChild>  ?f  ?b  <hasChild>  ?f   => ?a  <isMarriedTo>  ?b"	0.00928109	0.25974805	0.18496369	0.38973897	0.52541649	0.20477528	0.09718297	433	2341	227.505339598462	227.505339598462	"?b"
"?a  <isCitizenOf>  ?f  ?f  <hasCapital>  ?b   => ?a  <diedIn>  ?b"	0.00051443	0.03162055	0.05940594	0.38095238	0.84405941	0.32154644	0.05014214	24	404	20.2574257425743	20.2574257425743	"?a"
"?a  <actedIn>  ?b   => ?a  <produced>  ?b"	0.00128606	0.0974026	0.0121976	0.37974684	0.96787965	0.36754923	0.01180581	60	4919	58.072779020126	58.072779020126	"?b"
"?a  <isMarriedTo>  ?f  ?f  <graduatedFrom>  ?b   => ?a  <graduatedFrom>  ?b"	0.0000643	0.00813008	0.13043478	0.375	0.65217391	0.24456522	0.08506616	3	23	1.95652173913043	1.95652173913043	"?a"
"?e  <isMarriedTo>  ?a  ?e  <graduatedFrom>  ?b   => ?a  <graduatedFrom>  ?b"	0.0000643	0.00813008	0.08571429	0.375	0.77142857	0.28928571	0.06612245	3	35	2.31428571428571	2.31428571428571	"?a"
"?a  <livesIn>  ?f  ?f  <isLocatedIn>  ?b   => ?a  <isCitizenOf>  ?b"	0.00012861	0.01392111	0.03726708	0.375	0.90062112	0.33773292	0.03356352	6	161	5.40372670807454	5.40372670807454	"?a"
"?a  <diedIn>  ?f  ?f  <isLocatedIn>  ?b   => ?a  <livesIn>  ?b"	0.00015004	0.01479915	0.01654846	0.36842105	0.95508274	0.35187259	0.01580515	7	423	6.68557919621749	6.68557919621749	"?a"
"?a  <livesIn>  ?f  ?b  <hasCapital>  ?f   => ?a  <livesIn>  ?b"	0.00042869	0.0422833	0.36363636	0.36363636	1	0.36363636	0.36363636	20	55	20	20	"?a"
"?a  <livesIn>  ?b   => ?a  <diedIn>  ?b"	0.00027865	0.0171278	0.02748414	0.36111111	0.92389006	0.33362697	0.02539233	13	473	12.0105708245243	12.0105708245243	"?a"
"?a  <hasChild>  ?f  ?f  <wasBornIn>  ?b   => ?a  <wasBornIn>  ?b"	0.00042869	0.0109529	0.09174312	0.33898305	0.7293578	0.24723993	0.06691356	20	218	14.5871559633028	14.5871559633028	"?a"
"?a  <directed>  ?b   => ?a  <actedIn>  ?b"	0.00128606	0.0121976	0.06403415	0.33707865	0.81003202	0.2730445	0.05186971	60	937	48.6019210245464	48.6019210245464	"?b"
"?a  <livesIn>  ?b   => ?a  <isPoliticianOf>  ?b"	0.00012861	0.15789474	0.01268499	0.33333333	0.96194503	0.32064834	0.01220226	6	473	5.77167019027484	5.77167019027484	"?a"
"?a  <livesIn>  ?b   => ?a  <isCitizenOf>  ?b"	0.00047156	0.05104408	0.04651163	0.33333333	0.86046512	0.28682171	0.04002163	22	473	18.9302325581395	18.9302325581395	"?a"
"?a  <hasAcademicAdvisor>  ?f  ?f  <worksAt>  ?b   => ?a  <worksAt>  ?b"	0.00008574	0.04166667	0.14814815	0.33333333	0.55555556	0.18518519	0.08230453	4	27	2.22222222222222	2.22222222222222	"?a"
"?e  <worksAt>  ?b  ?e  <hasAcademicAdvisor>  ?a   => ?a  <worksAt>  ?b"	0.00008574	0.04166667	0.09756098	0.33333333	0.70731707	0.23577236	0.06900654	4	41	2.82926829268293	2.82926829268293	"?a"
"?a  <influences>  ?f  ?f  <graduatedFrom>  ?b   => ?a  <graduatedFrom>  ?b"	0.0000643	0.00813008	0.05882353	0.33333333	0.82352941	0.2745098	0.04844291	3	51	2.47058823529412	2.47058823529412	"?a"
"?e  <hasAcademicAdvisor>  ?a  ?e  <graduatedFrom>  ?b   => ?a  <graduatedFrom>  ?b"	0.00008574	0.01084011	0.08888889	0.33333333	0.73333333	0.24444444	0.06518519	4	45	2.93333333333333	2.93333333333333	"?a"
"?e  <influences>  ?a  ?e  <graduatedFrom>  ?b   => ?a  <graduatedFrom>  ?b"	0.0000643	0.00813008	0.03125	0.33333333	0.90625	0.30208333	0.02832031	3	96	2.71875	2.71875	"?a"
"?a  <isCitizenOf>  ?f  ?f  <hasCapital>  ?b   => ?a  <wasBornIn>  ?b"	0.00079307	0.02026287	0.09158416	0.33035714	0.72277228	0.23877298	0.06619449	37	404	26.7425742574257	26.7425742574257	"?a"
"?e  <hasChild>  ?a  ?e  <diedIn>  ?b   => ?a  <wasBornIn>  ?b"	0.00034295	0.00876232	0.06324111	0.32653061	0.80632411	0.26328951	0.05099283	16	253	12.901185770751	12.901185770751	"?a"
"?a  <isMarriedTo>  ?f  ?f  <directed>  ?b   => ?a  <actedIn>  ?b"	0.0006216	0.00589551	0.11507937	0.3258427	0.6468254	0.21076333	0.07443626	29	252	18.7579365079365	18.7579365079365	"?b"
"?a  <hasChild>  ?f  ?f  <wasBornIn>  ?b   => ?a  <diedIn>  ?b"	0.00025721	0.01581028	0.05504587	0.30769231	0.82110092	0.25264644	0.04519822	12	218	9.85321100917431	9.85321100917431	"?a"
"?a  <hasAcademicAdvisor>  ?f  ?f  <graduatedFrom>  ?b   => ?a  <graduatedFrom>  ?b"	0.00008574	0.01084011	0.15384615	0.30769231	0.5	0.15384615	0.07692308	4	26	2	2	"?a"
"?a  <dealsWith>  ?f  ?f  <dealsWith>  ?b   => ?a  <dealsWith>  ?b"	0.00750204	0.67307692	0.30728709	0.30728709	1	0.30728709	0.30728709	350	1139	350	350	"?b"
"?e  <dealsWith>  ?b  ?a  <dealsWith>  ?e   => ?a  <dealsWith>  ?b"	0.00750204	0.67307692	0.30728709	0.30728709	1	0.30728709	0.30728709	350	1139	350	350	"?b"
"?a  <created>  ?b   => ?a  <actedIn>  ?b"	0.00154328	0.01463712	0.00743494	0.30638298	0.97573317	0.29894803	0.00725452	72	9684	70.2527881040892	70.2527881040892	"?b"
"?e  <hasChild>  ?a  ?e  <wasBornIn>  ?b   => ?a  <wasBornIn>  ?b"	0.00047156	0.01204819	0.06811146	0.30555556	0.77708978	0.2374441	0.05292872	22	323	17.0959752321981	17.0959752321981	"?a"
"?e  <isMarriedTo>  ?a  ?e  <directed>  ?b   => ?a  <actedIn>  ?b"	0.00070733	0.00670868	0.0988024	0.30275229	0.67365269	0.2039499	0.0665585	33	334	22.2305389221557	22.2305389221557	"?b"
"?a  <actedIn>  ?b   => ?a  <directed>  ?b"	0.00128606	0.06403415	0.0121976	0.2970297	0.95893474	0.2848321	0.0116967	60	4919	57.5360845700346	57.5360845700346	"?b"
"?e  <hasAcademicAdvisor>  ?a  ?e  <hasWonPrize>  ?b   => ?a  <hasWonPrize>  ?b"	0.00010717	0.0045045	0.10204082	0.29411765	0.65306122	0.19207683	0.0666389	5	49	3.26530612244898	3.26530612244898	"?a"
"?a  <actedIn>  ?b   => ?a  <created>  ?b"	0.00154328	0.00743494	0.01463712	0.28235294	0.9481602	0.26771582	0.01387834	72	4919	68.2675340516365	68.2675340516365	"?b"
"?a  <isLeaderOf>  ?b   => ?a  <livesIn>  ?b"	0.00010717	0.01057082	0.02840909	0.27777778	0.89772727	0.24936869	0.02550362	5	176	4.48863636363636	4.48863636363636	"?a"
"?a  <actedIn>  ?f  ?b  <directed>  ?f   => ?a  <isMarriedTo>  ?b"	0.00027865	0.00779844	0.09848485	0.27659574	0.64393939	0.1781109	0.06341827	13	132	8.37121212121212	8.37121212121212	"?b"
"?a  <wasBornIn>  ?b   => ?a  <livesIn>  ?b"	0.0006216	0.06131078	0.01588171	0.26851852	0.94085433	0.25263681	0.01494237	29	1826	27.2847754654984	27.2847754654984	"?a"
"?a  <hasChild>  ?f  ?f  <participatedIn>  ?b   => ?a  <participatedIn>  ?b"	0.00038582	0.00280374	0.25714286	0.25714286	1	0.25714286	0.25714286	18	70	18	18	"?b"
"?e  <diedIn>  ?a  ?e  <livesIn>  ?b   => ?a  <isLocatedIn>  ?b"	0.00012861	0.00090171	0.17647059	0.25	0.29411765	0.07352941	0.05190311	6	34	1.76470588235294	1.76470588235294	"?a"
"?b  <dealsWith>  ?a   => ?a  <dealsWith>  ?b"	0.00167188	0.15	0.15	0.24605678	0.39038462	0.09605678	0.05855769	78	520	30.45	30.45	"?b"
"?a  <isLeaderOf>  ?b   => ?a  <wasBornIn>  ?b"	0.00010717	0.00273823	0.02840909	0.23809524	0.88068182	0.20968615	0.02501937	5	176	4.40340909090909	4.40340909090909	"?a"
"?a  <livesIn>  ?b   => ?a  <isLeaderOf>  ?b"	0.00010717	0.02840909	0.01057082	0.23809524	0.95560254	0.22752441	0.01010151	5	473	4.77801268498943	4.77801268498943	"?b"
"?e  <influences>  ?a  ?e  <wasBornIn>  ?b   => ?a  <diedIn>  ?b"	0.00010717	0.00658762	0.00914077	0.23809524	0.96160878	0.22895447	0.00878984	5	547	4.80804387568556	4.80804387568556	"?a"
"?a  <hasChild>  ?f  ?f  <produced>  ?b   => ?a  <actedIn>  ?b"	0.0000643	0.00060988	0.08108108	0.23076923	0.64864865	0.14968815	0.05259313	3	37	1.94594594594595	1.94594594594595	"?b"
"?e  <isCitizenOf>  ?a  ?e  <wasBornIn>  ?b   => ?a  <hasCapital>  ?b"	0.00045012	0.0704698	0.21428571	0.22826087	0.06122449	0.01397516	0.01311953	21	98	1.28571428571428	1.28571428571428	"?a"
"?a  <wasBornIn>  ?b   => ?a  <diedIn>  ?b"	0.00139324	0.085639	0.03559693	0.22260274	0.84008762	0.18700581	0.02990454	65	1826	54.60569550931	54.60569550931	"?a"
"?a  <diedIn>  ?b   => ?a  <wasBornIn>  ?b"	0.00139324	0.03559693	0.085639	0.22260274	0.61528327	0.13696374	0.05269224	65	759	39.9934123847167	39.9934123847167	"?a"
"?a  <isMarriedTo>  ?f  ?f  <actedIn>  ?b   => ?a  <directed>  ?b"	0.00070733	0.03521878	0.01236882	0.21568627	0.94265367	0.20331746	0.01165951	33	2668	31.1075712143928	31.1075712143928	"?b"
"?a  <isMarriedTo>  ?f  ?f  <wasBornIn>  ?b   => ?a  <wasBornIn>  ?b"	0.00023578	0.0060241	0.05445545	0.20754717	0.73762376	0.15309172	0.04016763	11	202	8.11386138613861	8.11386138613861	"?a"
"?e  <isMarriedTo>  ?a  ?e  <wasBornIn>  ?b   => ?a  <wasBornIn>  ?b"	0.00023578	0.0060241	0.04296875	0.20754717	0.79296875	0.16457842	0.03407288	11	256	8.72265625	8.72265625	"?a"
"?a  <livesIn>  ?f  ?f  <isLocatedIn>  ?b   => ?a  <livesIn>  ?b"	0.00070733	0.06976744	0.20496894	0.20496894	1	0.20496894	0.20496894	33	161	33	33	"?a"
"?e  <isCitizenOf>  ?a  ?e  <diedIn>  ?b   => ?a  <hasCapital>  ?b"	0.00021434	0.03355705	0.19230769	0.20408163	0.05769231	0.01177394	0.01109467	10	52	0.576923076923077	0.576923076923077	"?a"
"?e  <isMarriedTo>  ?a  ?e  <actedIn>  ?b   => ?a  <directed>  ?b"	0.0006216	0.03094984	0.00945549	0.20138889	0.95304858	0.19193339	0.00901155	29	3067	27.6384088686012	27.6384088686012	"?b"
"?a  <isMarriedTo>  ?f  ?f  <wasBornIn>  ?b   => ?a  <diedIn>  ?b"	0.00015004	0.00922266	0.03465347	0.2	0.82673267	0.16534653	0.02864915	7	202	5.78712871287129	5.78712871287129	"?a"
"?e  <isMarriedTo>  ?a  ?e  <diedIn>  ?b   => ?a  <wasBornIn>  ?b"	0.00015004	0.00383352	0.04216867	0.2	0.78915663	0.15783133	0.03327769	7	166	5.52409638554217	5.52409638554217	"?a"
"?a  <directed>  ?f  ?b  <actedIn>  ?f   => ?a  <isMarriedTo>  ?b"	0.00023578	0.00659868	0.08333333	0.2	0.58333333	0.11666667	0.04861111	11	132	6.41666666666667	6.41666666666667	"?b"
"?a  <livesIn>  ?b   => ?a  <wasBornIn>  ?b"	0.0006216	0.01588171	0.06131078	0.19205298	0.6807611	0.1307422	0.041738	29	473	19.7420718816068	19.7420718816068	"?a"
"?a  <livesIn>  ?f  ?f  <hasCapital>  ?b   => ?a  <livesIn>  ?b"	0.00040725	0.04016913	0.18627451	0.18627451	1	0.18627451	0.18627451	19	102	19	19	"?a"
"?a  <isMarriedTo>  ?f  ?f  <created>  ?b   => ?a  <actedIn>  ?b"	0.00023578	0.00223623	0.00813008	0.18032787	0.954915	0.17219779	0.00776354	11	1353	10.5040650406504	10.5040650406504	"?b"
"?a  <imports>  ?b   => ?a  <exports>  ?b"	0.00081451	0.10242588	0.16033755	0.17924528	0.10548523	0.01890773	0.01691324	38	237	4.0084388185654	4.0084388185654	"?b"
"?a  <hasAcademicAdvisor>  ?f  ?f  <hasWonPrize>  ?b   => ?a  <hasWonPrize>  ?b"	0.00010717	0.0045045	0.09433962	0.17857143	0.47169811	0.08423181	0.04449982	5	53	2.35849056603774	2.35849056603774	"?a"
"?a  <wasBornIn>  ?f  ?b  <hasCapital>  ?f   => ?a  <livesIn>  ?b"	0.0000643	0.00634249	0.00649351	0.17647059	0.96320346	0.16997708	0.00625457	3	462	2.88961038961039	2.88961038961039	"?a"
"?a  <isCitizenOf>  ?f  ?f  <hasCapital>  ?b   => ?a  <livesIn>  ?b"	0.00015004	0.01479915	0.01732673	0.175	0.9009901	0.15767327	0.01561121	7	404	6.30693069306931	6.30693069306931	"?a"
"?a  <hasChild>  ?f  ?f  <diedIn>  ?b   => ?a  <diedIn>  ?b"	0.00015004	0.00922266	0.03301887	0.16666667	0.80188679	0.1336478	0.02647739	7	212	5.61320754716981	5.61320754716981	"?a"
"?e  <hasChild>  ?a  ?e  <diedIn>  ?b   => ?a  <diedIn>  ?b"	0.00015004	0.00922266	0.02766798	0.16666667	0.83399209	0.13899868	0.02307488	7	253	5.83794466403162	5.83794466403162	"?a"
"?a  <hasCapital>  ?f  ?f  <isLocatedIn>  ?b   => ?a  <isLocatedIn>  ?b"	0.00004287	0.00030057	0.025	0.16666667	0.85	0.14166667	0.02125	2	80	1.7	1.7	"?a"
"?a  <isCitizenOf>  ?f  ?f  <hasCapital>  ?b   => ?a  <isLocatedIn>  ?b"	0.00010717	0.00075143	0.01237624	0.16666667	0.92574257	0.15429043	0.01145721	5	404	4.62871287128713	4.62871287128713	"?a"
"?e  <hasCapital>  ?a  ?e  <isLocatedIn>  ?b   => ?a  <isLocatedIn>  ?b"	0.00004287	0.00030057	0.05714286	0.16666667	0.65714286	0.10952381	0.03755102	2	35	1.31428571428571	1.31428571428571	"?a"
"?a  <isLeaderOf>  ?f  ?b  <isLeaderOf>  ?f   => ?a  <isMarriedTo>  ?b"	0.00004287	0.00119976	0.01834862	0.16666667	0.88990826	0.14831804	0.01632859	2	109	1.77981651376147	1.77981651376147	"?b"
"?e  <dealsWith>  ?a  ?e  <dealsWith>  ?b   => ?a  <dealsWith>  ?b"	0.0048013	0.43076923	0.16422287	0.16422287	1	0.16422287	0.16422287	224	1364	224	224	"?b"
"?a  <graduatedFrom>  ?b   => ?a  <worksAt>  ?b"	0.00019291	0.09375	0.02439024	0.16071429	0.84823848	0.13632404	0.02068874	9	369	7.63414634146342	7.63414634146342	"?a"
"?a  <worksAt>  ?b   => ?a  <graduatedFrom>  ?b"	0.00019291	0.02439024	0.09375	0.16071429	0.41666667	0.06696429	0.0390625	9	96	3.75	3.75	"?a"
"?a  <influences>  ?f  ?f  <diedIn>  ?b   => ?a  <wasBornIn>  ?b"	0.0000643	0.00164294	0.04347826	0.15789474	0.72463768	0.11441648	0.03150599	3	69	2.17391304347826	2.17391304347826	"?a"
"?a  <actedIn>  ?f  ?b  <created>  ?f   => ?a  <isMarriedTo>  ?b"	0.00015004	0.00419916	0.03125	0.15217391	0.79464286	0.12092391	0.02483259	7	224	5.5625	5.5625	"?b"
"?a  <wasBornIn>  ?b   => ?a  <isLeaderOf>  ?b"	0.00010717	0.02840909	0.00273823	0.15151515	0.98192771	0.14877693	0.00268874	5	1826	4.90963855421687	4.90963855421687	"?b"
"?e  <isMarriedTo>  ?a  ?e  <produced>  ?b   => ?a  <actedIn>  ?b"	0.00027865	0.00264281	0.05603448	0.15116279	0.62931034	0.09512831	0.03526308	13	232	8.18103448275862	8.18103448275862	"?b"
"?a  <directed>  ?f  ?b  <created>  ?f   => ?a  <isMarriedTo>  ?b"	0.0000643	0.00179964	0.02097902	0.15	0.86013986	0.12902098	0.01804489	3	143	2.58041958041958	2.58041958041958	"?b"
"?e  <isMarriedTo>  ?a  ?e  <wasBornIn>  ?b   => ?a  <diedIn>  ?b"	0.00010717	0.00658762	0.01953125	0.14705882	0.8671875	0.12752757	0.01693726	5	256	4.3359375	4.3359375	"?a"
"?a  <isMarriedTo>  ?f  ?f  <diedIn>  ?b   => ?a  <wasBornIn>  ?b"	0.00010717	0.00273823	0.03649635	0.14705882	0.75182482	0.11056247	0.02743886	5	137	3.75912408759124	3.75912408759124	"?a"
"?e  <influences>  ?a  ?e  <diedIn>  ?b   => ?a  <diedIn>  ?b"	0.0000643	0.00395257	0.00849858	0.14285714	0.94050992	0.13435856	0.007993	3	353	2.82152974504249	2.82152974504249	"?a"
"?e  <isCitizenOf>  ?a  ?e  <isLocatedIn>  ?b   => ?a  <hasCapital>  ?b"	0.00008574	0.01342282	0.14285714	0.14285714	0	0	0	4	28	0	0	"?a"
"?a  <participatedIn>  ?f  ?b  <participatedIn>  ?f   => ?a  <hasChild>  ?b"	0.00004287	0.00073099	0.00066357	0.14285714	0.99535501	0.14219357	0.00066049	2	3014	1.9907100199071	1.9907100199071	"?b"
"?a  <actedIn>  ?f  ?b  <directed>  ?f   => ?a  <influences>  ?b"	0.00004287	0.00071073	0.01515152	0.14285714	0.89393939	0.12770563	0.01354454	2	132	1.78787878787879	1.78787878787879	"?b"
"?a  <dealsWith>  ?f  ?f  <imports>  ?b   => ?a  <imports>  ?b"	0.00160758	0.3164557	0.09505703	0.14231499	0.33206591	0.04725796	0.0315652	75	789	24.9049429657795	24.9049429657795	"?a"
"?e  <hasChild>  ?a  ?e  <participatedIn>  ?b   => ?a  <participatedIn>  ?b"	0.00038582	0.00280374	0.140625	0.140625	1	0.140625	0.140625	18	128	18	18	"?b"
"?e  <isMarriedTo>  ?a  ?e  <created>  ?b   => ?a  <actedIn>  ?b"	0.00017148	0.00162635	0.00933489	0.14035088	0.93348891	0.13101599	0.00871402	8	857	7.46791131855309	7.46791131855309	"?b"
"?e  <dealsWith>  ?a  ?e  <imports>  ?b   => ?a  <imports>  ?b"	0.00113602	0.22362869	0.09137931	0.13874346	0.34137931	0.04736415	0.03119501	53	580	18.0931034482759	18.0931034482759	"?a"
"?a  <wasBornIn>  ?f  ?f  <isLocatedIn>  ?b   => ?a  <livesIn>  ?b"	0.00021434	0.02114165	0.00996016	0.1369863	0.92729084	0.12702614	0.00923596	10	1004	9.27290836653386	9.27290836653386	"?a"
"?e  <livesIn>  ?a  ?e  <livesIn>  ?b   => ?a  <hasCapital>  ?b"	0.00032152	0.05033557	0.02683363	0.13636364	0.80322004	0.10953	0.02155331	15	559	12.0483005366726	12.0483005366726	"?a"
"?e  <livesIn>  ?a  ?e  <livesIn>  ?b   => ?a  <isLocatedIn>  ?b"	0.00057873	0.00405771	0.04830054	0.13636364	0.64579606	0.0880631	0.0311923	27	559	17.4364937388193	17.4364937388193	"?a"
"?a  <worksAt>  ?f  ?b  <worksAt>  ?f   => ?a  <hasAcademicAdvisor>  ?b"	0.00010717	0.03787879	0.03521127	0.13513514	0.73943662	0.09992387	0.0260365	5	142	3.69718309859155	3.69718309859155	"?b"
"?e  <influences>  ?a  ?e  <hasWonPrize>  ?b   => ?a  <hasWonPrize>  ?b"	0.00017148	0.00720721	0.01275917	0.13114754	0.90271132	0.11838837	0.01151785	8	627	7.22169059011164	7.22169059011164	"?a"
"?a  <created>  ?f  ?b  <directed>  ?f   => ?a  <isMarriedTo>  ?b"	0.0000643	0.00179964	0.02097902	0.13043478	0.83916084	0.10945576	0.01760477	3	143	2.51748251748252	2.51748251748252	"?b"
"?a  <influences>  ?f  ?f  <hasWonPrize>  ?b   => ?a  <hasWonPrize>  ?b"	0.00015004	0.00630631	0.03977273	0.12962963	0.69318182	0.0898569	0.02756973	7	176	4.85227272727273	4.85227272727273	"?a"
"?a  <produced>  ?f  ?b  <actedIn>  ?f   => ?a  <isMarriedTo>  ?b"	0.00015004	0.00419916	0.05882353	0.12962963	0.54621849	0.0708061	0.0321305	7	119	3.82352941176471	3.82352941176471	"?b"
"?e  <isCitizenOf>  ?a  ?e  <livesIn>  ?b   => ?a  <hasCapital>  ?b"	0.00012861	0.02013423	0.11111111	0.12765957	0.12962963	0.01654846	0.01440329	6	54	0.777777777777778	0.777777777777778	"?a"
"?a  <isMarriedTo>  ?f  ?f  <produced>  ?b   => ?a  <actedIn>  ?b"	0.00021434	0.00203293	0.04166667	0.12658228	0.67083333	0.08491561	0.02795139	10	240	6.70833333333333	6.70833333333333	"?b"
"?a  <exports>  ?b   => ?a  <imports>  ?b"	0.00081451	0.16033755	0.10242588	0.12624585	0.18867925	0.02381997	0.01932564	38	371	7.16981132075472	7.16981132075472	"?a"
"?a  <isLocatedIn>  ?b   => ?a  <diedIn>  ?b"	0.00010717	0.00658762	0.00075143	0.125	0.99398858	0.12424857	0.00074691	5	6654	4.96994289149384	4.96994289149384	"?a"
"?a  <diedIn>  ?b   => ?a  <isLocatedIn>  ?b"	0.00010717	0.00075143	0.00658762	0.125	0.94729908	0.11841238	0.00624044	5	759	4.7364953886693	4.7364953886693	"?a"
"?a  <isMarriedTo>  ?f  ?f  <actedIn>  ?b   => ?a  <produced>  ?b"	0.00027865	0.0211039	0.00487256	0.11711712	0.9583958	0.11224455	0.00466984	13	2668	12.4591454272864	12.4591454272864	"?b"
"?a  <actedIn>  ?f  ?b  <produced>  ?f   => ?a  <isMarriedTo>  ?b"	0.00012861	0.00359928	0.05042017	0.11320755	0.55462185	0.06278738	0.02796413	6	119	3.32773109243697	3.32773109243697	"?b"
"?a  <participatedIn>  ?f  ?b  <participatedIn>  ?f   => ?a  <dealsWith>  ?b"	0.00435118	0.39038462	0.06735236	0.10967045	0.38586596	0.04231809	0.02598898	203	3014	78.3307896483079	78.3307896483079	"?b"
"?e  <wasBornIn>  ?a  ?e  <livesIn>  ?b   => ?a  <isLocatedIn>  ?b"	0.00021434	0.00150286	0.06849315	0.10638298	0.35616438	0.03788983	0.02439482	10	146	3.56164383561644	3.56164383561644	"?a"
"?a  <produced>  ?f  ?b  <produced>  ?f   => ?a  <isMarriedTo>  ?b"	0.00010717	0.0029994	0.02336449	0.10638298	0.78037383	0.08301849	0.01823303	5	214	3.9018691588785	3.9018691588785	"?b"
"?e  <livesIn>  ?a  ?e  <wasBornIn>  ?b   => ?a  <hasCapital>  ?b"	0.0000643	0.01006711	0.02054795	0.10344828	0.80136986	0.08290033	0.0164665	3	146	2.4041095890411	2.4041095890411	"?a"
"?a  <isKnownFor>  ?f  ?b  <isKnownFor>  ?f   => ?a  <hasChild>  ?b"	0.00008574	0.00146199	0.01826484	0.1	0.8173516	0.08173516	0.0149288	4	219	3.26940639269406	3.26940639269406	"?b"
"?a  <dealsWith>  ?f  ?f  <exports>  ?b   => ?a  <imports>  ?b"	0.00115746	0.2278481	0.06818182	0.09981516	0.31691919	0.03163334	0.02160813	54	792	17.1136363636364	17.1136363636364	"?a"
"?a  <isLocatedIn>  ?f  ?b  <isLocatedIn>  ?f   => ?a  <dealsWith>  ?b"	0.00008574	0.00769231	0.00002807	0.09756098	0.99971226	0.0975329	0.00002806	4	142492	3.99884905819274	3.99884905819274	"?b"
"?a  <livesIn>  ?f  ?f  <hasCapital>  ?b   => ?a  <wasBornIn>  ?b"	0.0000643	0.00164294	0.02941176	0.09677419	0.69607843	0.06736243	0.0204729	3	102	2.08823529411765	2.08823529411765	"?a"
"?a  <influences>  ?f  ?f  <diedIn>  ?b   => ?a  <diedIn>  ?b"	0.00004287	0.00263505	0.02898551	0.0952381	0.69565217	0.06625259	0.02016383	2	69	1.39130434782609	1.39130434782609	"?a"
"?a  <dealsWith>  ?f  ?f  <hasOfficialLanguage>  ?b   => ?a  <hasOfficialLanguage>  ?b"	0.00090024	0.13504823	0.07792208	0.0935412	0.16697588	0.01561912	0.01301111	42	539	7.01298701298701	7.01298701298701	"?a"
"?e  <isMarriedTo>  ?a  ?e  <actedIn>  ?b   => ?a  <produced>  ?b"	0.00021434	0.01623377	0.00326052	0.09090909	0.96413433	0.08764858	0.00314357	10	3067	9.64134333224649	9.64134333224649	"?b"
"?a  <dealsWith>  ?f  ?b  <dealsWith>  ?f   => ?a  <dealsWith>  ?b"	0.00698761	0.62692308	0.05654814	0.08849077	0.36097138	0.03194264	0.02041226	326	5765	117.676669557676	117.676669557676	"?b"
"?a  <influences>  ?f  ?b  <influences>  ?f   => ?a  <influences>  ?b"	0.00600163	0.09950249	0.08043666	0.08706468	0.07612755	0.00662802	0.00612345	280	3481	21.3157138753232	21.3157138753232	"?b"
"?a  <actedIn>  ?f  ?b  <actedIn>  ?f   => ?a  <hasChild>  ?b"	0.00010717	0.00182749	0.00322373	0.08333333	0.96131528	0.08010961	0.00309902	5	1551	4.80657640232108	4.80657640232108	"?b"
"?e  <dealsWith>  ?a  ?e  <hasOfficialLanguage>  ?b   => ?a  <hasOfficialLanguage>  ?b"	0.00081451	0.1221865	0.06473595	0.08278867	0.21805792	0.01805273	0.01411619	38	587	8.28620102214651	8.28620102214651	"?a"
"?b  <dealsWith>  ?f  ?f  <dealsWith>  ?a   => ?a  <dealsWith>  ?b"	0.00124319	0.11153846	0.05092186	0.08180536	0.37752414	0.0308835	0.01922423	58	1139	21.8964003511852	21.8964003511852	"?b"
"?e  <dealsWith>  ?a  ?b  <dealsWith>  ?e   => ?a  <dealsWith>  ?b"	0.00124319	0.11153846	0.05092186	0.08180536	0.37752414	0.0308835	0.01922423	58	1139	21.8964003511852	21.8964003511852	"?b"
"?a  <graduatedFrom>  ?f  ?b  <graduatedFrom>  ?f   => ?a  <isMarriedTo>  ?b"	0.0000643	0.00179964	0.00314795	0.08108108	0.96117524	0.07793313	0.00302574	3	953	2.88352570828961	2.88352570828961	"?b"
"?e  <hasChild>  ?a  ?e  <isKnownFor>  ?b   => ?a  <isKnownFor>  ?b"	0.00008574	0.01503759	0.08	0.08	1	0.08	0.08	4	50	4	4	"?b"
"?a  <exports>  ?f  ?b  <imports>  ?f   => ?a  <dealsWith>  ?b"	0.0014361	0.12884615	0.04879825	0.07957245	0.38674436	0.03077419	0.01887245	67	1373	25.911871813547	25.911871813547	"?b"
"?e  <hasChild>  ?a  ?e  <actedIn>  ?b   => ?a  <produced>  ?b"	0.0000643	0.00487013	0.00318134	0.07894737	0.95970308	0.07576603	0.00305314	3	943	2.87910922587487	2.87910922587487	"?b"
"?a  <dealsWith>  ?f  ?f  <exports>  ?b   => ?a  <exports>  ?b"	0.00132893	0.1671159	0.07828283	0.07828283	1	0.07828283	0.07828283	62	792	62	62	"?b"
"?a  <hasChild>  ?f  ?f  <diedIn>  ?b   => ?a  <wasBornIn>  ?b"	0.0000643	0.00164294	0.01415094	0.07692308	0.81603774	0.06277213	0.0115477	3	212	2.44811320754717	2.44811320754717	"?a"
"?e  <hasChild>  ?a  ?e  <wasBornIn>  ?b   => ?a  <diedIn>  ?b"	0.0000643	0.00395257	0.00928793	0.075	0.87616099	0.06571207	0.00813772	3	323	2.62848297213622	2.62848297213622	"?a"
"?a  <livesIn>  ?f  ?b  <livesIn>  ?f   => ?a  <isMarriedTo>  ?b"	0.00012861	0.00359928	0.00554017	0.07317073	0.9242844	0.06763057	0.00512069	6	1083	5.54570637119114	5.54570637119114	"?b"
"?e  <dealsWith>  ?a  ?e  <imports>  ?b   => ?a  <exports>  ?b"	0.0007502	0.09433962	0.06034483	0.07201646	0.16206897	0.01167163	0.00978002	35	580	5.67241379310345	5.67241379310345	"?b"
"?a  <graduatedFrom>  ?f  ?b  <graduatedFrom>  ?f   => ?a  <hasAcademicAdvisor>  ?b"	0.00010717	0.03787879	0.00524659	0.07142857	0.92654774	0.06618198	0.00486122	5	953	4.63273871983211	4.63273871983211	"?b"
"?a  <created>  ?f  ?b  <actedIn>  ?f   => ?a  <isMarriedTo>  ?b"	0.00012861	0.00359928	0.02678571	0.07142857	0.625	0.04464286	0.01674107	6	224	3.75	3.75	"?b"
"?a  <livesIn>  ?f  ?b  <livesIn>  ?f   => ?a  <hasChild>  ?b"	0.00019291	0.00328947	0.00831025	0.0703125	0.88180979	0.06200225	0.00732806	9	1083	7.93628808864266	7.93628808864266	"?b"
"?a  <imports>  ?f  ?b  <exports>  ?f   => ?a  <dealsWith>  ?b"	0.00165045	0.14807692	0.05608157	0.06930693	0.19082302	0.01322536	0.01070165	77	1373	14.693372177713	14.693372177713	"?b"
"?a  <influences>  ?f  ?f  <directed>  ?b   => ?a  <actedIn>  ?b"	0.00004287	0.00040659	0.01785714	0.06896552	0.74107143	0.05110837	0.01323342	2	112	1.48214285714286	1.48214285714286	"?b"
"?a  <influences>  ?f  ?f  <influences>  ?b   => ?a  <influences>  ?b"	0.00938826	0.15565032	0.06892211	0.06892211	1	0.06892211	0.06892211	438	6355	438	438	"?b"
"?e  <influences>  ?b  ?a  <influences>  ?e   => ?a  <influences>  ?b"	0.00938826	0.15565032	0.06892211	0.06892211	1	0.06892211	0.06892211	438	6355	438	438	"?b"
"?e  <isMarriedTo>  ?a  ?e  <actedIn>  ?b   => ?a  <created>  ?b"	0.00023578	0.00113589	0.00358657	0.06832298	0.94750571	0.06473641	0.00339829	11	3067	10.4225627649169	10.4225627649169	"?b"
"?a  <isPoliticianOf>  ?f  ?b  <isLocatedIn>  ?f   => ?a  <livesIn>  ?b"	0.00023578	0.02325581	0.01235955	0.06790123	0.81797753	0.05554168	0.01010983	11	890	8.99775280898876	8.99775280898876	"?a"
"?a  <exports>  ?f  ?b  <exports>  ?f   => ?a  <dealsWith>  ?b"	0.0014361	0.12884615	0.04125616	0.06754032	0.38916256	0.02628416	0.01605535	67	1624	26.0738916256158	26.0738916256158	"?b"
"?a  <actedIn>  ?f  ?b  <actedIn>  ?f   => ?a  <isMarriedTo>  ?b"	0.0006216	0.01739652	0.01869761	0.06590909	0.71631206	0.04721148	0.01339333	29	1551	20.7730496453901	20.7730496453901	"?b"
"?e  <isMarriedTo>  ?a  ?e  <produced>  ?b   => ?a  <produced>  ?b"	0.00032152	0.02435065	0.06465517	0.06465517	1	0.06465517	0.06465517	15	232	15	15	"?b"
"?a  <imports>  ?f  ?b  <imports>  ?f   => ?a  <dealsWith>  ?b"	0.00235778	0.21153846	0.03934192	0.06267806	0.3723176	0.02333615	0.01464769	110	2796	40.9549356223176	40.9549356223176	"?b"
"?a  <isMarriedTo>  ?f  ?f  <produced>  ?b   => ?a  <produced>  ?b"	0.00032152	0.02435065	0.0625	0.0625	1	0.0625	0.0625	15	240	15	15	"?b"
"?a  <created>  ?f  ?b  <created>  ?f   => ?a  <isMarriedTo>  ?b"	0.00019291	0.00539892	0.00467775	0.06164384	0.92411642	0.05696608	0.00432279	9	1924	8.31704781704782	8.31704781704782	"?b"
"?a  <isMarriedTo>  ?f  ?f  <isLeaderOf>  ?b   => ?a  <isLeaderOf>  ?b"	0.00004287	0.01136364	0.06060606	0.06060606	1	0.06060606	0.06060606	2	33	2	2	"?b"
"?a  <hasOfficialLanguage>  ?f  ?b  <hasOfficialLanguage>  ?f   => ?a  <dealsWith>  ?b"	0.00120033	0.10769231	0.0157436	0.05907173	0.73348327	0.04332813	0.01154767	56	3557	41.0750632555524	41.0750632555524	"?b"
"?a  <dealsWith>  ?f  ?f  <imports>  ?b   => ?a  <exports>  ?b"	0.00090024	0.11320755	0.05323194	0.05890603	0.09632446	0.00567409	0.00512754	42	789	4.04562737642585	4.04562737642585	"?b"
"?a  <isMarriedTo>  ?f  ?f  <actedIn>  ?b   => ?a  <created>  ?b"	0.00017148	0.0008261	0.0029985	0.05882353	0.94902549	0.05582503	0.00284565	8	2668	7.59220389805097	7.59220389805097	"?b"
"?a  <hasCurrency>  ?f  ?b  <hasCurrency>  ?f   => ?a  <dealsWith>  ?b"	0.00008574	0.00769231	0.01526718	0.05555556	0.72519084	0.04028838	0.01107162	4	262	2.90076335877863	2.90076335877863	"?b"
"?a  <created>  ?f  ?b  <actedIn>  ?f   => ?a  <influences>  ?b"	0.00004287	0.00071073	0.00892857	0.05555556	0.83928571	0.04662698	0.00749362	2	224	1.67857142857143	1.67857142857143	"?b"
"?e  <isMarriedTo>  ?a  ?e  <created>  ?b   => ?a  <directed>  ?b"	0.0000643	0.00320171	0.00350058	0.05555556	0.9369895	0.05205497	0.00328001	3	857	2.81096849474912	2.81096849474912	"?b"
"?a  <isMarriedTo>  ?f  ?f  <created>  ?b   => ?a  <directed>  ?b"	0.0000643	0.00320171	0.00221729	0.05357143	0.9586105	0.05135413	0.00212552	3	1353	2.87583148558758	2.87583148558758	"?b"
"?e  <isMarriedTo>  ?a  ?e  <directed>  ?b   => ?a  <created>  ?b"	0.0000643	0.00030979	0.00898204	0.05263158	0.82934132	0.04364954	0.00744917	3	334	2.48802395209581	2.48802395209581	"?b"
"?a  <isMarriedTo>  ?f  ?f  <directed>  ?b   => ?a  <created>  ?b"	0.0000643	0.00030979	0.01190476	0.05172414	0.76984127	0.03981938	0.00916478	3	252	2.30952380952381	2.30952380952381	"?b"
"?e  <dealsWith>  ?a  ?e  <exports>  ?b   => ?a  <exports>  ?b"	0.00117889	0.14824798	0.05055147	0.05055147	1	0.05055147	0.05055147	55	1088	55	55	"?b"
"?e  <dealsWith>  ?a  ?e  <exports>  ?b   => ?a  <imports>  ?b"	0.0007502	0.14767932	0.03216912	0.0488145	0.34099265	0.01664539	0.01096943	35	1088	11.9347426470588	11.9347426470588	"?a"
"?a  <hasWonPrize>  ?f  ?b  <hasWonPrize>  ?f   => ?a  <hasAcademicAdvisor>  ?b"	0.00010717	0.03787879	0.00029879	0.04504505	0.9933668	0.04474625	0.00029681	5	16734	4.96683399067766	4.96683399067766	"?b"
"?e  <dealsWith>  ?a  ?e  <hasCurrency>  ?b   => ?a  <hasCurrency>  ?b"	0.00008574	0.04	0.01960784	0.04494382	0.56372549	0.02533598	0.01105344	4	204	2.25490196078431	2.25490196078431	"?a"
"?a  <actedIn>  ?f  ?b  <actedIn>  ?f   => ?a  <influences>  ?b"	0.00017148	0.00284293	0.00515796	0.04444444	0.88394584	0.03928648	0.00455936	8	1551	7.0715667311412	7.0715667311412	"?b"
"?e  <created>  ?a  ?e  <created>  ?b   => ?a  <hasChild>  ?b"	0.00004287	0.00073099	0.00000497	0.04347826	0.99988579	0.0434733	0.00000497	2	402773	1.9997715834974	1.9997715834974	"?b"
"?e  <isMarriedTo>  ?a  ?e  <created>  ?b   => ?a  <created>  ?b"	0.00079307	0.00382074	0.04317386	0.04317386	1	0.04317386	0.04317386	37	857	37	37	"?b"
"?e  <livesIn>  ?a  ?e  <livesIn>  ?b   => ?a  <dealsWith>  ?b"	0.0000643	0.00576923	0.00536673	0.04285714	0.87477639	0.03749042	0.00469469	3	559	2.62432915921288	2.62432915921288	"?b"
"?e  <dealsWith>  ?a  ?e  <participatedIn>  ?b   => ?a  <participatedIn>  ?b"	0.01343936	0.09766355	0.04264436	0.04264436	1	0.04264436	0.04264436	627	14703	627	627	"?b"
"?a  <isMarriedTo>  ?b   => ?a  <hasChild>  ?b"	0.00064303	0.01096491	0.0179964	0.04201681	0.57168566	0.02402041	0.01028828	30	1667	17.1505698860228	17.1505698860228	"?b"
"?a  <livesIn>  ?f  ?b  <livesIn>  ?f   => ?a  <hasAcademicAdvisor>  ?b"	0.00004287	0.01515152	0.00184672	0.04	0.95383195	0.03815328	0.00176146	2	1083	1.90766389658356	1.90766389658356	"?b"
"?a  <hasAcademicAdvisor>  ?f  ?b  <hasAcademicAdvisor>  ?f   => ?a  <hasAcademicAdvisor>  ?b"	0.0000643	0.02272727	0.02097902	0.03896104	0.46153846	0.01798202	0.00968263	3	143	1.38461538461538	1.38461538461538	"?b"
"?e  <isLeaderOf>  ?b  ?e  <isMarriedTo>  ?a   => ?a  <isLeaderOf>  ?b"	0.00004287	0.01136364	0.03773585	0.03773585	1	0.03773585	0.03773585	2	53	2	2	"?b"
"?e  <influences>  ?a  ?e  <wasBornIn>  ?b   => ?a  <wasBornIn>  ?b"	0.0000643	0.00164294	0.00548446	0.03703704	0.85191956	0.03155258	0.00467232	3	547	2.55575868372943	2.55575868372943	"?a"
"?a  <hasAcademicAdvisor>  ?f  ?f  <hasAcademicAdvisor>  ?b   => ?a  <hasAcademicAdvisor>  ?b"	0.0000643	0.02272727	0.03571429	0.03571429	1	0.03571429	0.03571429	3	84	3	3	"?b"
"?e  <hasAcademicAdvisor>  ?b  ?a  <hasAcademicAdvisor>  ?e   => ?a  <hasAcademicAdvisor>  ?b"	0.0000643	0.02272727	0.03571429	0.03571429	1	0.03571429	0.03571429	3	84	3	3	"?b"
"?a  <hasChild>  ?b   => ?a  <isMarriedTo>  ?b"	0.00064303	0.0179964	0.01096491	0.03232759	0.66081871	0.02136267	0.00724582	30	2736	19.8245614035088	19.8245614035088	"?b"
"?a  <dealsWith>  ?f  ?f  <hasCurrency>  ?b   => ?a  <hasCurrency>  ?b"	0.0000643	0.03	0.01415094	0.03191489	0.55660377	0.01776395	0.00787647	3	212	1.66981132075472	1.66981132075472	"?a"
"?a  <isInterestedIn>  ?f  ?b  <isInterestedIn>  ?f   => ?a  <influences>  ?b"	0.00004287	0.00071073	0.03030303	0.03030303	0	0	0	2	66	0	0	"?b"
"?a  <hasCapital>  ?f  ?f  <participatedIn>  ?b   => ?a  <participatedIn>  ?b"	0.00004287	0.00031153	0.02985075	0.02985075	1	0.02985075	0.02985075	2	67	2	2	"?b"
"?a  <diedIn>  ?f  ?b  <diedIn>  ?f   => ?a  <isMarriedTo>  ?b"	0.00047156	0.01319736	0.00446157	0.02956989	0.84911783	0.02510832	0.0037884	22	4931	18.6805921719732	18.6805921719732	"?b"
"?a  <graduatedFrom>  ?f  ?b  <graduatedFrom>  ?f   => ?a  <influences>  ?b"	0.0000643	0.0010661	0.00314795	0.02884615	0.89087093	0.0256982	0.00280442	3	953	2.67261280167891	2.67261280167891	"?b"
"?a  <created>  ?f  ?b  <created>  ?f   => ?a  <influences>  ?b"	0.00025721	0.00426439	0.00623701	0.02863962	0.78222453	0.02240261	0.00487874	12	1924	9.38669438669439	9.38669438669439	"?b"
"?a  <isMarriedTo>  ?f  ?f  <created>  ?b   => ?a  <created>  ?b"	0.00079307	0.00382074	0.02734664	0.02734664	1	0.02734664	0.02734664	37	1353	37	37	"?b"
"?a  <livesIn>  ?f  ?b  <isLocatedIn>  ?f   => ?a  <diedIn>  ?b"	0.00015004	0.00922266	0.00157551	0.02641509	0.94035562	0.02483958	0.00148154	7	4443	6.58248930902543	6.58248930902543	"?a"
"?a  <isPoliticianOf>  ?f  ?b  <isLocatedIn>  ?f   => ?a  <diedIn>  ?b"	0.00023578	0.01449275	0.01235955	0.0258216	0.52134831	0.01346205	0.00644363	11	890	5.73483146067416	5.73483146067416	"?a"
"?a  <influences>  ?f  ?f  <actedIn>  ?b   => ?a  <created>  ?b"	0.00004287	0.00020653	0.00245399	0.02564103	0.90429448	0.02318704	0.00221913	2	815	1.80858895705521	1.80858895705521	"?b"
"?b  <isMarriedTo>  ?a   => ?a  <hasChild>  ?b"	0.00042869	0.00730994	0.0119976	0.02560819	0.5314937	0.01361059	0.00637665	20	1667	10.629874025195	10.629874025195	"?b"
"?b  <isLocatedIn>  ?a   => ?a  <hasCapital>  ?b"	0.00092168	0.1442953	0.00646228	0.02541371	0.74571686	0.01895143	0.00481903	43	6654	32.0658250676285	32.0658250676285	"?a"
"?a  <influences>  ?f  ?f  <wasBornIn>  ?b   => ?a  <wasBornIn>  ?b"	0.00004287	0.00109529	0.00873362	0.025	0.65065502	0.01626638	0.00568258	2	229	1.30131004366812	1.30131004366812	"?a"
"?a  <isPoliticianOf>  ?f  ?b  <isLocatedIn>  ?f   => ?a  <wasBornIn>  ?b"	0.00023578	0.0060241	0.01235955	0.0246085	0.49775281	0.01224895	0.006152	11	890	5.47528089887641	5.47528089887641	"?a"
"?a  <hasChild>  ?f  ?f  <isMarriedTo>  ?b   => ?a  <hasChild>  ?b"	0.00032152	0.00548246	0.01202887	0.02325581	0.48275862	0.01122694	0.00580704	15	1247	7.24137931034483	7.24137931034483	"?b"
"?a  <hasChild>  ?f  ?b  <isMarriedTo>  ?f   => ?a  <hasChild>  ?b"	0.00032152	0.00548246	0.0129199	0.02307692	0.44013781	0.01015703	0.00568654	15	1161	6.60206718346253	6.60206718346253	"?b"
"?a  <dealsWith>  ?f  ?f  <participatedIn>  ?b   => ?a  <participatedIn>  ?b"	0.01493977	0.10856698	0.02176221	0.02176221	1	0.02176221	0.02176221	697	32028	697	697	"?b"
"?e  <hasAcademicAdvisor>  ?a  ?e  <hasAcademicAdvisor>  ?b   => ?a  <hasAcademicAdvisor>  ?b"	0.0000643	0.02272727	0.02054795	0.02054795	1	0.02054795	0.02054795	3	146	3	3	"?b"
"?a  <isMarriedTo>  ?f  ?f  <actedIn>  ?b   => ?a  <actedIn>  ?b"	0.00115746	0.01097784	0.02023988	0.02023988	1	0.02023988	0.02023988	54	2668	54	54	"?b"
"?a  <isCitizenOf>  ?f  ?b  <isCitizenOf>  ?f   => ?a  <influences>  ?b"	0.00019291	0.00319829	0.0007978	0.01851852	0.95691871	0.01772072	0.00076343	9	11281	8.61226841592058	8.61226841592058	"?b"
"?a  <diedIn>  ?f  ?b  <wasBornIn>  ?f   => ?a  <hasChild>  ?b"	0.00036438	0.00621345	0.00271652	0.01849837	0.85314797	0.01578184	0.0023176	17	6258	14.5035155001598	14.5035155001598	"?b"
"?a  <hasWonPrize>  ?f  ?b  <hasWonPrize>  ?f   => ?a  <hasChild>  ?b"	0.00004287	0.00073099	0.00011952	0.01834862	0.99348632	0.01822911	0.00011874	2	16734	1.98697263057249	1.98697263057249	"?b"
"?e  <isMarriedTo>  ?a  ?e  <actedIn>  ?b   => ?a  <actedIn>  ?b"	0.00115746	0.01097784	0.01760678	0.01760678	1	0.01760678	0.01760678	54	3067	54	54	"?b"
"?a  <isCitizenOf>  ?f  ?b  <isLocatedIn>  ?f   => ?a  <isLocatedIn>  ?b"	0.00015004	0.001052	0.00097087	0.01627907	0.94036061	0.0153082	0.00091297	7	7210	6.58252427184466	6.58252427184466	"?a"
"?a  <wasBornIn>  ?f  ?b  <wasBornIn>  ?f   => ?a  <hasChild>  ?b"	0.00051443	0.00877193	0.00174596	0.0156658	0.8885494	0.01391983	0.00155137	24	13746	21.3251855085116	21.3251855085116	"?b"
"?a  <wasBornIn>  ?f  ?b  <diedIn>  ?f   => ?a  <influences>  ?b"	0.00010717	0.00177683	0.00079898	0.01552795	0.94854586	0.01472897	0.00075787	5	6258	4.7427293064877	4.7427293064877	"?b"
"?a  <hasChild>  ?f  ?f  <actedIn>  ?b   => ?a  <actedIn>  ?b"	0.00010717	0.00101647	0.01466276	0.01466276	1	0.01466276	0.01466276	5	341	5	5	"?b"
"?a  <influences>  ?f  ?f  <isInterestedIn>  ?b   => ?a  <isInterestedIn>  ?b"	0.00004287	0.03448276	0.01438849	0.01438849	1	0.01438849	0.01438849	2	139	2	2	"?b"
"?a  <isLocatedIn>  ?f  ?b  <isLocatedIn>  ?f   => ?a  <hasCapital>  ?b"	0.00004287	0.00671141	0.00001404	0.01333333	0.99894731	0.0133193	0.00001402	2	142492	1.99789461864526	1.99789461864526	"?a"
"?a  <hasWonPrize>  ?f  ?b  <hasWonPrize>  ?f   => ?a  <influences>  ?b"	0.00017148	0.00284293	0.00047807	0.0127186	0.96241186	0.01224053	0.0004601	8	16734	7.6992948488108	7.6992948488108	"?b"
"?b  <hasChild>  ?a   => ?a  <isMarriedTo>  ?b"	0.00042869	0.0119976	0.00730994	0.01231527	0.40643275	0.00500533	0.002971	20	2736	8.12865497076023	8.12865497076023	"?b"
"?a  <isCitizenOf>  ?f  ?b  <isLocatedIn>  ?f   => ?a  <diedIn>  ?b"	0.00047156	0.02898551	0.00305132	0.01208127	0.74743412	0.00902996	0.00228066	22	7210	16.4435506241332	16.4435506241332	"?a"
"?a  <isCitizenOf>  ?f  ?b  <isLocatedIn>  ?f   => ?a  <wasBornIn>  ?b"	0.0006216	0.01588171	0.00402219	0.01149881	0.65020804	0.00747662	0.00261526	29	7210	18.8560332871013	18.8560332871013	"?a"
"?a  <livesIn>  ?f  ?b  <isLocatedIn>  ?f   => ?a  <worksAt>  ?b"	0.00004287	0.02083333	0.00045015	0.01149425	0.96083727	0.01104411	0.00043252	2	4443	1.92167454422687	1.92167454422687	"?a"
"?a  <diedIn>  ?f  ?b  <diedIn>  ?f   => ?a  <influences>  ?b"	0.0000643	0.0010661	0.0006084	0.01056338	0.94240519	0.00995498	0.00057336	3	4931	2.82721557493409	2.82721557493409	"?b"
"?a  <hasChild>  ?f  ?b  <hasChild>  ?f   => ?a  <hasChild>  ?b"	0.00025721	0.00438596	0.00512601	0.01055409	0.51431012	0.00542808	0.00263636	12	2341	6.17172148654421	6.17172148654421	"?b"
"?a  <isCitizenOf>  ?f  ?b  <isCitizenOf>  ?f   => ?a  <hasChild>  ?b"	0.0000643	0.00109649	0.00026593	0.01027397	0.97411577	0.01000804	0.00025905	3	11281	2.92234730963567	2.92234730963567	"?b"
"?a  <diedIn>  ?f  ?b  <diedIn>  ?f   => ?a  <hasChild>  ?b"	0.00017148	0.00292398	0.00162239	0.00992556	0.83654431	0.00830317	0.0013572	8	4931	6.69235449198945	6.69235449198945	"?b"
"?e  <influences>  ?a  ?e  <influences>  ?b   => ?a  <influences>  ?b"	0.00988125	0.16382374	0.00898688	0.00898688	1	0.00898688	0.00898688	461	51297	461	461	"?b"
"?a  <influences>  ?f  ?f  <actedIn>  ?b   => ?a  <actedIn>  ?b"	0.00015004	0.00142305	0.00858896	0.00858896	1	0.00858896	0.00858896	7	815	7	7	"?b"
"?b  <hasChild>  ?a   => ?a  <hasChild>  ?b"	0.00030008	0.00511696	0.00511696	0.00806916	0.36586257	0.00295221	0.0018721	14	2736	5.12207602339181	5.12207602339181	"?b"
"?e  <hasChild>  ?a  ?e  <hasChild>  ?b   => ?a  <isMarriedTo>  ?b"	0.00034295	0.00959808	0.00163199	0.007996	0.79589963	0.00636402	0.0012989	16	9804	12.734394124847	12.734394124847	"?b"
"?a  <livesIn>  ?f  ?b  <isLocatedIn>  ?f   => ?a  <livesIn>  ?b"	0.00070733	0.06976744	0.00742741	0.00742741	1	0.00742741	0.00742741	33	4443	33	33	"?a"
"?a  <diedIn>  ?f  ?b  <wasBornIn>  ?f   => ?a  <isMarriedTo>  ?b"	0.00015004	0.00419916	0.00111857	0.00736842	0.84819431	0.00624985	0.00094876	7	6258	5.93736017897092	5.93736017897092	"?b"
"?a  <isCitizenOf>  ?f  ?b  <isLocatedIn>  ?f   => ?a  <livesIn>  ?b"	0.00012861	0.01268499	0.00083218	0.00716846	0.88391123	0.00633628	0.00073557	6	7210	5.30346740638003	5.30346740638003	"?a"
"?e  <isMarriedTo>  ?a  ?e  <influences>  ?b   => ?a  <influences>  ?b"	0.00004287	0.00071073	0.00689655	0.00689655	1	0.00689655	0.00689655	2	290	2	2	"?b"
"?a  <livesIn>  ?f  ?b  <isLocatedIn>  ?f   => ?a  <wasBornIn>  ?b"	0.00021434	0.00547645	0.00225073	0.00610874	0.63155526	0.003858	0.00142146	10	4443	6.31555255458024	6.31555255458024	"?a"
"?a  <livesIn>  ?f  ?f  <dealsWith>  ?b   => ?a  <livesIn>  ?b"	0.00004287	0.00422833	0.00609756	0.00609756	1	0.00609756	0.00609756	2	328	2	2	"?a"
"?a  <wasBornIn>  ?f  ?b  <wasBornIn>  ?f   => ?a  <isMarriedTo>  ?b"	0.00023578	0.00659868	0.00080023	0.00596529	0.86585188	0.00516506	0.00069288	11	13746	9.52437072602939	9.52437072602939	"?b"
"?a  <isMarriedTo>  ?f  ?f  <influences>  ?b   => ?a  <influences>  ?b"	0.00004287	0.00071073	0.0058309	0.0058309	1	0.0058309	0.0058309	2	343	2	2	"?b"
"?a  <isMarriedTo>  ?f  ?b  <isMarriedTo>  ?f   => ?a  <hasChild>  ?b"	0.00010717	0.00182749	0.00238322	0.00577367	0.58722593	0.00339045	0.00139949	5	2098	2.93612964728313	2.93612964728313	"?b"
"?a  <hasChild>  ?f  ?f  <hasChild>  ?b   => ?a  <hasChild>  ?b"	0.00032152	0.00548246	0.00549652	0.00549652	1	0.00549652	0.00549652	15	2729	15	15	"?b"
"?e  <hasChild>  ?b  ?a  <hasChild>  ?e   => ?a  <hasChild>  ?b"	0.00032152	0.00548246	0.00549652	0.00549652	1	0.00549652	0.00549652	15	2729	15	15	"?b"
"?b  <isMarriedTo>  ?f  ?f  <isMarriedTo>  ?a   => ?a  <hasChild>  ?b"	0.0000643	0.00109649	0.00235849	0.00530973	0.55581761	0.00295124	0.00131089	3	1272	1.66745283018868	1.66745283018868	"?b"
"?e  <isMarriedTo>  ?a  ?b  <isMarriedTo>  ?e   => ?a  <hasChild>  ?b"	0.0000643	0.00109649	0.00235849	0.00530973	0.55581761	0.00295124	0.00131089	3	1272	1.66745283018868	1.66745283018868	"?b"
"?e  <hasChild>  ?a  ?e  <actedIn>  ?b   => ?a  <actedIn>  ?b"	0.00010717	0.00101647	0.00530223	0.00530223	1	0.00530223	0.00530223	5	943	5	5	"?b"
"?a  <wasBornIn>  ?f  ?b  <diedIn>  ?f   => ?a  <isMarriedTo>  ?b"	0.00010717	0.0029994	0.00079898	0.00518672	0.84595717	0.00438774	0.0006759	5	6258	4.22978587408118	4.22978587408118	"?b"
"?a  <influences>  ?f  ?b  <influences>  ?f   => ?a  <isMarriedTo>  ?b"	0.00004287	0.00119976	0.00057455	0.00497512	0.88451594	0.00440058	0.0005082	2	3481	1.76903188738868	1.76903188738868	"?b"
"?a  <wasBornIn>  ?f  ?b  <wasBornIn>  ?f   => ?a  <influences>  ?b"	0.0000643	0.0010661	0.00021825	0.00490998	0.95555071	0.00469174	0.00020854	3	13746	2.86665211697948	2.86665211697948	"?b"
"?e  <isInterestedIn>  ?b  ?e  <influences>  ?a   => ?a  <isInterestedIn>  ?b"	0.00004287	0.03448276	0.00487805	0.00487805	1	0.00487805	0.00487805	2	410	2	2	"?b"
"?b  <influences>  ?a   => ?a  <influences>  ?b"	0.00025721	0.00426439	0.00426439	0.00479808	0.11122957	0.00053369	0.00047433	12	2814	1.33475479744136	1.33475479744136	"?b"
"?a  <isCitizenOf>  ?f  ?b  <isCitizenOf>  ?f   => ?a  <isMarriedTo>  ?b"	0.00004287	0.00119976	0.00017729	0.00451467	0.96073043	0.00433738	0.00017033	2	11281	1.92146086339864	1.92146086339864	"?b"
"?a  <hasWonPrize>  ?f  ?b  <hasWonPrize>  ?f   => ?a  <isMarriedTo>  ?b"	0.00012861	0.00359928	0.00035855	0.00399202	0.91018286	0.00363346	0.00032635	6	16734	5.46109716744353	5.46109716744353	"?b"
"?a  <isMarriedTo>  ?f  ?f  <isMarriedTo>  ?b   => ?a  <hasChild>  ?b"	0.00004287	0.00073099	0.00157233	0.00353357	0.55503145	0.00196124	0.00087269	2	1272	1.11006289308176	1.11006289308176	"?b"
"?e  <isMarriedTo>  ?b  ?a  <isMarriedTo>  ?e   => ?a  <hasChild>  ?b"	0.00004287	0.00073099	0.00157233	0.00353357	0.55503145	0.00196124	0.00087269	2	1272	1.11006289308176	1.11006289308176	"?b"
"?e  <isMarriedTo>  ?a  ?e  <hasChild>  ?b   => ?a  <isMarriedTo>  ?b"	0.00004287	0.00119976	0.00101317	0.00325203	0.68844985	0.00223886	0.00069752	2	1974	1.37689969604863	1.37689969604863	"?b"
"?a  <wasBornIn>  ?f  ?b  <diedIn>  ?f   => ?a  <hasChild>  ?b"	0.0000643	0.00109649	0.00047939	0.00323276	0.85170981	0.00275337	0.0004083	3	6258	2.55512943432407	2.55512943432407	"?b"
"?a  <hasChild>  ?f  ?f  <isMarriedTo>  ?b   => ?a  <isMarriedTo>  ?b"	0.00008574	0.00239952	0.0032077	0.0032077	1	0.0032077	0.0032077	4	1247	4	4	"?b"
"?e  <influences>  ?a  ?e  <actedIn>  ?b   => ?a  <actedIn>  ?b"	0.00017148	0.00162635	0.00300639	0.00300639	1	0.00300639	0.00300639	8	2661	8	8	"?b"
"?b  <hasChild>  ?f  ?f  <isMarriedTo>  ?a   => ?a  <isMarriedTo>  ?b"	0.00004287	0.00119976	0.00160385	0.00289855	0.44667201	0.0012947	0.00071639	2	1247	0.893344025661588	0.893344025661588	"?b"
"?e  <influences>  ?a  ?e  <created>  ?b   => ?a  <actedIn>  ?b"	0.00004287	0.00040659	0.00005755	0.00277008	0.97922302	0.00271253	0.00005636	2	34750	1.95844604316547	1.95844604316547	"?b"
"?a  <influences>  ?f  ?f  <created>  ?b   => ?a  <created>  ?b"	0.00036438	0.00175547	0.00270141	0.00270141	1	0.00270141	0.00270141	17	6293	17	17	"?b"
"?e  <hasChild>  ?a  ?e  <isMarriedTo>  ?b   => ?a  <isMarriedTo>  ?b"	0.00010717	0.0029994	0.00253293	0.00253293	1	0.00253293	0.00253293	5	1974	5	5	"?b"
"?a  <hasChild>  ?f  ?b  <isMarriedTo>  ?f   => ?a  <isMarriedTo>  ?b"	0.00004287	0.00119976	0.00172265	0.0025	0.31093885	0.00077735	0.00053564	2	1161	0.621877691645133	0.621877691645133	"?b"
"?b  <isMarriedTo>  ?f  ?f  <hasChild>  ?a   => ?a  <isMarriedTo>  ?b"	0.0000643	0.00179964	0.00129814	0.00200669	0.3530939	0.00070855	0.00045837	3	2311	1.0592816962354	1.0592816962354	"?b"
"?a  <livesIn>  ?f  ?b  <dealsWith>  ?f   => ?a  <livesIn>  ?b"	0.00004287	0.00422833	0.00171674	0.00171674	1	0.00171674	0.00171674	2	1165	2	2	"?a"
"?e  <hasChild>  ?a  ?e  <hasChild>  ?b   => ?a  <hasChild>  ?b"	0.00032152	0.00548246	0.00152999	0.00152999	1	0.00152999	0.00152999	15	9804	15	15	"?b"
"?a  <participatedIn>  ?f  ?b  <participatedIn>  ?f   => ?a  <hasCapital>  ?b"	0.00004287	0.00671141	0.00066357	0.00091199	0.27239549	0.00024842	0.00018075	2	3014	0.54479097544791	0.54479097544791	"?a"
"?a  <hasOfficialLanguage>  ?f  ?b  <hasOfficialLanguage>  ?f   => ?a  <hasCapital>  ?b"	0.00004287	0.00671141	0.00056227	0.00070897	0.20691594	0.0001467	0.00011634	2	3557	0.413831880798426	0.413831880798426	"?a"
"?e  <hasCapital>  ?a  ?e  <participatedIn>  ?b   => ?a  <participatedIn>  ?b"	0.00004287	0.00031153	0.00053177	0.00053177	1	0.00053177	0.00053177	2	3761	2	2	"?b"
"?e  <influences>  ?a  ?e  <created>  ?b   => ?a  <created>  ?b"	0.00036438	0.00175547	0.00048921	0.00048921	1	0.00048921	0.00048921	17	34750	17	17	"?b"
