?a  <exports>  ?b   => ?a  <imports>  ?b	0.00004641	0.13095238	0.08678501	0.10328638	0.15976331	0.01650138	0.01386506	44	507	7.029585798816569	7.029585798816569	?a
?a  <imports>  ?b   => ?a  <exports>  ?b	0.00004641	0.08678501	0.13095238	0.14473684	0.0952381	0.01378446	0.01247166	44	336	4.19047619047619	4.19047619047619	?b
?b  <dealsWith>  ?a   => ?a  <dealsWith>  ?b	0.00009915	0.13642961	0.13642961	0.18323587	0.25544267	0.04680626	0.03484994	94	689	24.01161103047896	24.01161103047896	?a
?a  <graduatedFrom>  ?b   => ?a  <worksAt>  ?b	0.000231	0.08990148	0.01844211	0.16246291	0.88648421	0.1440208	0.01634864	219	11875	194.14004210526315	194.14004210526315	?a
?b  <isLocatedIn>  ?a   => ?a  <hasCapital>  ?b	0.00011181	0.0500236	0.00049745	0.00208703	0.76164441	0.00158957	0.00037888	106	213085	80.734307905296	80.734307905296	?a
?a  <livesIn>  ?b   => ?a  <isLeaderOf>  ?b	0.00022678	0.03370434	0.01473309	0.31386861	0.95305969	0.29913552	0.01404152	215	14593	204.90783252244228	204.90783252244228	?a
?a  <wasBornIn>  ?b   => ?a  <isLeaderOf>  ?b	0.00010443	0.01551967	0.00176903	0.16923077	0.98954666	0.16746174	0.00175053	99	55963	97.96511981130391	97.96511981130391	?a
?a  <livesIn>  ?b   => ?a  <isPoliticianOf>  ?b	0.00008227	0.05342466	0.00534503	0.28782288	0.98142945	0.28247785	0.00524577	78	14593	76.55149729322278	76.55149729322278	?a
?b  <influences>  ?a   => ?a  <hasAcademicAdvisor>  ?b	0.00003059	0.01489471	0.00207885	0.11372549	0.98172043	0.11164664	0.00204085	29	13950	28.46989247311828	28.46989247311828	?a
?a  <worksAt>  ?b   => ?a  <graduatedFrom>  ?b	0.000231	0.01844211	0.08990148	0.16246291	0.44663383	0.07256143	0.04015304	219	2436	97.8128078817734	97.8128078817734	?a
?a  <created>  ?b   => ?a  <isKnownFor>  ?b	0.00031855	0.05137802	0.00150881	0.38131313	0.99604313	0.37980432	0.00150284	302	200158	300.8050240310155	300.8050240310155	?b
?a  <isLeaderOf>  ?b   => ?a  <livesIn>  ?b	0.00022678	0.01473309	0.03370434	0.14448925	0.7667346	0.1107849	0.02584229	215	6379	164.84793854836178	164.84793854836178	?a
?a  <diedIn>  ?b   => ?a  <livesIn>  ?b	0.00028163	0.01829644	0.01205091	0.43414634	0.97224228	0.42209543	0.01171641	267	22156	259.5886892940964	259.5886892940964	?a
?a  <wasBornIn>  ?b   => ?a  <livesIn>  ?b	0.00081536	0.0529706	0.0138127	0.22695244	0.93913836	0.21313974	0.01297203	773	55963	725.9539517180995	725.9539517180995	?a
?a  <isCitizenOf>  ?b   => ?a  <livesIn>  ?b	0.0006909	0.04488453	0.04495539	0.52358114	0.91413864	0.47862575	0.04109546	655	14570	598.7608098833218	598.7608098833218	?a
?a  <livesIn>  ?b   => ?a  <diedIn>  ?b	0.00028163	0.01205091	0.01829644	0.29053319	0.9370246	0.27223674	0.01714422	267	14593	250.1855684232166	250.1855684232166	?a
?a  <wasBornIn>  ?b   => ?a  <diedIn>  ?b	0.00206741	0.08846362	0.03502314	0.22531325	0.84455801	0.19029011	0.02957907	1960	55963	1655.3337026249485	1655.3337026249485	?a
?a  <isLocatedIn>  ?b   => ?a  <diedIn>  ?b	0.00025315	0.01083228	0.00112631	0.16985138	0.99336884	0.16872507	0.00111884	240	213085	238.40852242063028	238.40852242063028	?a
?a  <livesIn>  ?b   => ?a  <isCitizenOf>  ?b	0.0006909	0.04495539	0.04488453	0.36571748	0.87726992	0.32083294	0.03937585	655	14593	574.6118001781676	574.6118001781676	?a
?a  <actedIn>  ?b   => ?a  <produced>  ?b	0.00091979	0.04321967	0.00810597	0.01812588	0.55279572	0.01001991	0.00448095	872	107575	482.0378712526145	482.0378712526145	?b
?a  <created>  ?b   => ?a  <produced>  ?b	0.0021402	0.10056503	0.01013699	0.12969829	0.92184175	0.1195613	0.0093447	2029	200158	1870.4169006484879	1870.4169006484879	?b
?a  <directed>  ?b   => ?a  <produced>  ?b	0.00239546	0.11255948	0.06784573	0.1618905	0.58091596	0.09404478	0.03941267	2271	33473	1319.2601499716188	1319.2601499716188	?b
?a  <influences>  ?f  ?f  <isInterestedIn>  ?b   => ?a  <isInterestedIn>  ?b	0.00002426	0.125	0.02226525	0.02226525	1	0.02226525	0.02226525	23	1033	23.0	23.0	?b
?e  <isInterestedIn>  ?b  ?e  <influences>  ?a   => ?a  <isInterestedIn>  ?b	0.00002637	0.13586957	0.01327669	0.01327669	1	0.01327669	0.01327669	25	1883	25.0	25.0	?b
?a  <dealsWith>  ?f  ?f  <exports>  ?b   => ?a  <imports>  ?b	0.00008755	0.24702381	0.0681445	0.09181416	0.25779967	0.02366966	0.01756763	83	1218	21.39737274220033	21.39737274220033	?a
?a  <dealsWith>  ?f  ?f  <imports>  ?b   => ?a  <imports>  ?b	0.00011708	0.33035714	0.10581506	0.14879357	0.28884652	0.0429785	0.03056431	111	1049	32.061963775023834	32.061963775023834	?a
?e  <dealsWith>  ?a  ?e  <exports>  ?b   => ?a  <imports>  ?b	0.00004219	0.11904762	0.02650762	0.03831418	0.30815109	0.01180656	0.00816835	40	1509	12.326043737574555	12.326043737574555	?a
?e  <dealsWith>  ?a  ?e  <imports>  ?b   => ?a  <imports>  ?b	0.00007911	0.22321429	0.09282178	0.14097744	0.34158416	0.04815566	0.03170645	75	808	25.618811881188115	25.618811881188115	?a
?b  <isMarriedTo>  ?a   => ?a  <isMarriedTo>  ?b	0.00670644	0.53014258	0.53014258	0.91785766	0.42241307	0.38771508	0.22393916	6358	11993	2685.7023263570413	2685.7023263570413	?b
?a  <dealsWith>  ?f  ?f  <imports>  ?b   => ?a  <exports>  ?b	0.00005485	0.1025641	0.04957102	0.05450734	0.09056244	0.00493632	0.00448927	52	1049	4.709246901811246	4.709246901811246	?b
?a  <dealsWith>  ?f  ?f  <exports>  ?b   => ?a  <exports>  ?b	0.00009388	0.17554241	0.07307061	0.07307061	1	0.07307061	0.07307061	89	1218	88.99999999999999	88.99999999999999	?b
?e  <dealsWith>  ?a  ?e  <imports>  ?b   => ?a  <exports>  ?b	0.00004747	0.0887574	0.05569307	0.0647482	0.13985149	0.00905513	0.00778876	45	808	6.293316831683169	6.293316831683169	?b
?e  <dealsWith>  ?a  ?e  <exports>  ?b   => ?a  <exports>  ?b	0.00007806	0.14595661	0.0490391	0.0490391	1	0.0490391	0.0490391	74	1509	74.0	74.0	?b
?a  <dealsWith>  ?f  ?f  <hasCurrency>  ?b   => ?a  <hasCurrency>  ?b	0.00000738	0.01871658	0.02389078	0.05035971	0.52559727	0.02646893	0.01255693	7	293	3.6791808873720147	3.6791808873720147	?a
?e  <dealsWith>  ?a  ?e  <hasCurrency>  ?b   => ?a  <hasCurrency>  ?b	0.00000844	0.02139037	0.02749141	0.05970149	0.5395189	0.03221008	0.01483213	8	291	4.3161512027491415	4.3161512027491415	?a
?a  <produced>  ?b   => ?a  <directed>  ?b	0.00239546	0.06784573	0.11255948	0.13395069	0.15969469	0.02139121	0.01797515	2271	20176	362.6666336241078	362.6666336241078	?b
?a  <actedIn>  ?b   => ?a  <directed>  ?b	0.00100523	0.02847071	0.00885894	0.01167635	0.24129212	0.00281741	0.00213759	953	107575	229.9513920520567	229.9513920520567	?b
?a  <created>  ?b   => ?a  <directed>  ?b	0.006621	0.18752427	0.03136023	0.22802238	0.86246865	0.19666215	0.02704721	6277	200158	5413.715714585478	5413.715714585478	?b
?a  <imports>  ?f  ?b  <imports>  ?f   => ?a  <dealsWith>  ?b	0.00018143	0.24963716	0.03193465	0.04154589	0.23134051	0.00961125	0.00738778	172	5386	39.790568139621236	39.790568139621236	?a
?a  <imports>  ?f  ?b  <exports>  ?f   => ?a  <dealsWith>  ?b	0.00012658	0.17416546	0.04995837	0.06413683	0.22106578	0.01417846	0.01104409	120	2402	26.52789342214821	26.52789342214821	?a
?a  <hasCurrency>  ?f  ?b  <hasCurrency>  ?f   => ?a  <dealsWith>  ?b	0.00000949	0.01306241	0.00485699	0.03061224	0.84133837	0.02575526	0.00408637	9	1853	7.572045331894226	7.572045331894226	?a
?a  <hasOfficialLanguage>  ?f  ?b  <hasOfficialLanguage>  ?f   => ?a  <dealsWith>  ?b	0.00008438	0.1161103	0.0027591	0.02179837	0.87342645	0.01903927	0.00240987	80	28995	69.87411622693568	69.87411622693568	?a
?a  <exports>  ?f  ?b  <imports>  ?f   => ?a  <dealsWith>  ?b	0.00008966	0.1233672	0.03538718	0.04214179	0.1602831	0.00675462	0.00567197	85	2402	13.624063280599499	13.624063280599499	?a
?a  <exports>  ?f  ?b  <exports>  ?f   => ?a  <dealsWith>  ?b	0.00010654	0.14658926	0.03208386	0.04211843	0.23824651	0.01003457	0.00764387	101	3148	24.06289707750953	24.06289707750953	?a
?b  <dealsWith>  ?f  ?a  <dealsWith>  ?f   => ?a  <dealsWith>  ?b	0.0004715	0.64876633	0.04769526	0.04769526	1	0.04769526	0.04769526	447	9372	447.0	447.0	?a
?a  <dealsWith>  ?f  ?f  <dealsWith>  ?b   => ?a  <dealsWith>  ?b	0.00048415	0.66618287	0.28194103	0.28194103	1	0.28194103	0.28194103	459	1628	459.0	459.0	?a
?b  <dealsWith>  ?f  ?f  <dealsWith>  ?a   => ?a  <dealsWith>  ?b	0.00007489	0.1030479	0.04361179	0.05577376	0.21805897	0.01216197	0.00950994	71	1628	15.482186732186733	15.482186732186733	?a
?e  <dealsWith>  ?a  ?b  <dealsWith>  ?e   => ?a  <dealsWith>  ?b	0.00007489	0.1030479	0.04361179	0.05577376	0.21805897	0.01216197	0.00950994	71	1628	15.482186732186733	15.482186732186733	?a
?e  <dealsWith>  ?a  ?e  <dealsWith>  ?b   => ?a  <dealsWith>  ?b	0.00028163	0.38751814	0.15442452	0.2177814	0.29091961	0.06335688	0.04492512	267	1729	77.67553499132445	77.67553499132445	?a
?e  <livesIn>  ?a  ?e  <isCitizenOf>  ?b   => ?a  <dealsWith>  ?b	0.00001899	0.02612482	0.02452316	0.16071429	0.84741144	0.13619112	0.02078121	18	734	15.253405994550409	15.253405994550409	?a
?e  <dealsWith>  ?b  ?a  <dealsWith>  ?e   => ?a  <dealsWith>  ?b	0.00048415	0.66618287	0.28194103	0.28194103	1	0.28194103	0.28194103	459	1628	459.0	459.0	?a
?a  <participatedIn>  ?f  ?b  <participatedIn>  ?f   => ?a  <dealsWith>  ?b	0.00025632	0.35268505	0.01290974	0.05834334	0.77872815	0.0454336	0.01005318	243	18823	189.23094087021195	189.23094087021195	?a
?a  <hasAcademicAdvisor>  ?f  ?f  <worksAt>  ?b   => ?a  <worksAt>  ?b	0.00005274	0.02052545	0.06868132	0.22727273	0.6978022	0.15859141	0.04792598	50	728	34.89010989010989	34.89010989010989	?a
?e  <hasAcademicAdvisor>  ?a  ?e  <worksAt>  ?b   => ?a  <worksAt>  ?b	0.00004958	0.01929392	0.08655617	0.21860465	0.60405157	0.13204848	0.05228439	47	543	28.390423572744016	28.390423572744016	?a
?e  <livesIn>  ?a  ?e  <livesIn>  ?b   => ?a  <dealsWith>  ?b	0.00003797	0.05224964	0.00390667	0.04528302	0.91372762	0.04137634	0.00356964	36	9215	32.894194248507866	32.894194248507866	?a
?e  <hasAcademicAdvisor>  ?a  ?e  <graduatedFrom>  ?b   => ?a  <worksAt>  ?b	0.00009388	0.0365353	0.13444109	0.39035088	0.65558912	0.25590979	0.08813811	89	662	58.34743202416918	58.34743202416918	?a
?a  <livesIn>  ?b   => ?a  <wasBornIn>  ?b	0.00081536	0.0138127	0.0529706	0.17116918	0.69053656	0.11819857	0.03657814	773	14593	533.7847598163503	533.7847598163503	?a
?a  <diedIn>  ?b   => ?a  <wasBornIn>  ?b	0.00206741	0.03502314	0.08846362	0.22531325	0.60737498	0.13684963	0.05373059	1960	22156	1190.4549557681892	1190.4549557681892	?a
?e  <livesIn>  ?b  ?e  <isCitizenOf>  ?a   => ?a  <dealsWith>  ?b	0.00002426	0.03338171	0.03133515	0.04144144	0.24386921	0.01010629	0.00764168	23	734	5.608991825613079	5.608991825613079	?a
?e  <isLeaderOf>  ?a  ?e  <wasBornIn>  ?b   => ?a  <hasCapital>  ?b	0.00002532	0.0113261	0.01959184	0.24	0.91836735	0.22040816	0.0179925	24	1225	22.040816326530614	22.040816326530614	?a
?e  <livesIn>  ?a  ?e  <wasBornIn>  ?b   => ?a  <hasCapital>  ?b	0.00004536	0.02029259	0.01147279	0.0625	0.81643543	0.05102721	0.00936679	43	3748	35.10672358591248	35.10672358591248	?a
?e  <livesIn>  ?a  ?e  <diedIn>  ?b   => ?a  <hasCapital>  ?b	0.00002637	0.01179802	0.04266212	0.15923567	0.73208191	0.11657355	0.03123216	25	586	18.302047781569968	18.302047781569968	?a
?e  <isCitizenOf>  ?a  ?e  <wasBornIn>  ?b   => ?a  <hasCapital>  ?b	0.00006856	0.03067485	0.04513889	0.04772394	0.05416667	0.00258505	0.00244502	65	1440	3.5208333333333353	3.5208333333333353	?a
?e  <livesIn>  ?a  ?e  <livesIn>  ?b   => ?a  <hasCapital>  ?b	0.00010443	0.04672015	0.01074335	0.06436931	0.83309821	0.05362596	0.00895027	99	9215	82.47672273467172	82.47672273467172	?a
?e  <isCitizenOf>  ?a  ?e  <diedIn>  ?b   => ?a  <hasCapital>  ?b	0.00005063	0.02265219	0.06798867	0.07272727	0.06515581	0.0047386	0.00442986	48	706	3.127478753541079	3.127478753541079	?a
?e  <isCitizenOf>  ?a  ?e  <isLocatedIn>  ?b   => ?a  <hasCapital>  ?b	0.00003692	0.01651723	0.06013746	0.06410256	0.06185567	0.00396511	0.00371984	35	582	2.1649484536082477	2.1649484536082477	?a
?e  <isCitizenOf>  ?a  ?e  <livesIn>  ?b   => ?a  <hasCapital>  ?b	0.00004536	0.02029259	0.05858311	0.06574924	0.10899183	0.00716613	0.00638508	43	734	4.6866485013624	4.6866485013624	?a
?a  <livesIn>  ?f  ?f  <isLocatedIn>  ?b   => ?a  <isPoliticianOf>  ?b	0.00013712	0.0890411	0.02467261	0.83333333	0.97039286	0.80866072	0.02394213	130	5269	126.1510723097362	126.1510723097362	?a
?a  <diedIn>  ?f  ?b  <hasCapital>  ?f   => ?a  <isPoliticianOf>  ?b	0.00004219	0.02739726	0.00161044	0.3960396	0.99593365	0.39442917	0.00160389	40	24838	39.83734600209357	39.83734600209357	?a
?a  <diedIn>  ?f  ?f  <isLocatedIn>  ?b   => ?a  <isPoliticianOf>  ?b	0.00038184	0.24794521	0.02701493	0.85377358	0.96835821	0.82675866	0.02616012	362	13400	350.54567164179105	350.54567164179105	?a
?a  <worksAt>  ?f  ?b  <worksAt>  ?f   => ?a  <hasAcademicAdvisor>  ?b	0.00005379	0.02619414	0.00119148	0.00446585	0.7332025	0.00327437	0.00087359	51	42804	37.39332772638071	37.39332772638071	?a
?a  <wasBornIn>  ?f  ?f  <isLocatedIn>  ?b   => ?a  <isPoliticianOf>  ?b	0.000231	0.15	0.00648351	0.57180157	0.98866126	0.56531806	0.00641	219	33778	216.51681567884424	216.51681567884424	?a
?a  <livesIn>  ?f  ?b  <livesIn>  ?f   => ?a  <hasAcademicAdvisor>  ?b	0.00004008	0.01951721	0.00005844	0.00104663	0.94416558	0.00098819	0.00005518	38	650262	35.878292134555	35.878292134555	?a
?a  <graduatedFrom>  ?f  ?b  <worksAt>  ?f   => ?a  <hasAcademicAdvisor>  ?b	0.00010548	0.05136107	0.00081271	0.00761557	0.89328295	0.00680286	0.00072598	100	123045	89.32829452639278	89.32829452639278	?a
?a  <graduatedFrom>  ?f  ?b  <graduatedFrom>  ?f   => ?a  <hasAcademicAdvisor>  ?b	0.00004747	0.02311248	0.00006858	0.0008227	0.91664393	0.00075412	0.00006286	45	656197	41.24897706024258	41.24897706024258	?a
?a  <livesIn>  ?f  ?b  <isLocatedIn>  ?f   => ?a  <isLeaderOf>  ?b	0.00011286	0.01677379	0.00003372	0.00078352	0.95695957	0.00074979	0.00003227	107	3172924	102.39467443909781	102.39467443909781	?a
?a  <livesIn>  ?f  ?b  <isCitizenOf>  ?f   => ?a  <hasAcademicAdvisor>  ?b	0.00004114	0.02003082	0.00002363	0.00023461	0.89928397	0.00021098	0.00002125	39	1650492	35.07207487221992	35.07207487221992	?a
?a  <isCitizenOf>  ?f  ?b  <livesIn>  ?f   => ?a  <hasAcademicAdvisor>  ?b	0.00004008	0.01951721	0.00002302	0.00069575	0.96690866	0.00067273	0.00002226	38	1650492	36.74252889441451	36.74252889441451	?a
?a  <produced>  ?b   => ?a  <created>  ?b	0.0021402	0.01013699	0.10056503	0.15689762	0.35904044	0.05633259	0.03610691	2029	20176	728.4930610626486	728.4930610626486	?b
?a  <directed>  ?b   => ?a  <created>  ?b	0.006621	0.03136023	0.18752427	0.32464443	0.42237027	0.13712015	0.07920468	6277	33473	2651.2181758432166	2651.2181758432166	?b
?a  <diedIn>  ?f  ?b  <diedIn>  ?f   => ?a  <hasAcademicAdvisor>  ?b	0.00002742	0.01335388	0.00000647	0.00048337	0.98660929	0.0004769	0.00000639	26	4016890	25.65184159884886	25.65184159884886	?a
?a  <livesIn>  ?f  ?b  <livesIn>  ?f   => ?a  <hasChild>  ?b	0.00013923	0.01142363	0.000203	0.00722417	0.97190056	0.00702117	0.00019729	132	650262	128.29087352482537	128.29087352482537	?b
?a  <hasWonPrize>  ?f  ?b  <hasWonPrize>  ?f   => ?a  <hasAcademicAdvisor>  ?b	0.00008966	0.04365691	0.0000048	0.00199854	0.99759694	0.00199374	0.00000479	85	17698692	84.79573999027726	84.79573999027726	?a
?a  <isMarriedTo>  ?f  ?f  <hasChild>  ?b   => ?a  <hasChild>  ?b	0.00388695	0.31890956	0.56113903	0.56113903	1	0.56113903	0.56113903	3685	6567	3684.9999999999995	3684.9999999999995	?b
?a  <dealsWith>  ?f  ?f  <hasOfficialLanguage>  ?b   => ?a  <hasOfficialLanguage>  ?b	0.00005907	0.06973848	0.06982544	0.08695652	0.19700748	0.01713109	0.01375613	56	802	11.032418952618455	11.032418952618455	?a
?a  <isLocatedIn>  ?f  ?f  <hasOfficialLanguage>  ?b   => ?a  <hasOfficialLanguage>  ?b	0.00005274	0.0622665	0.00066107	0.83333333	0.99920672	0.83267226	0.00066055	50	75635	49.96033582336221	49.96033582336221	?a
?a  <isCitizenOf>  ?f  ?b  <isCitizenOf>  ?f   => ?a  <hasAcademicAdvisor>  ?b	0.00010864	0.0529019	0.00000744	0.00024395	0.96949725	0.00023651	0.00000721	103	13841800	99.85821648918493	99.85821648918493	?a
?a  <diedIn>  ?f  ?b  <diedIn>  ?f   => ?a  <hasChild>  ?b	0.00015822	0.01298139	0.00003734	0.00079203	0.95285258	0.00075469	0.00003558	150	4016890	142.92788699715453	142.92788699715453	?b
?e  <created>  ?a  ?e  <created>  ?b   => ?a  <hasChild>  ?b	0.00019303	0.0158373	0.00004374	0.02801592	0.99843882	0.02797218	0.00004367	183	4184022	182.7143045614961	182.7143045614961	?b
?a  <diedIn>  ?f  ?b  <wasBornIn>  ?f   => ?a  <hasChild>  ?b	0.00033332	0.02734747	0.00005967	0.00110541	0.94601595	0.00104573	0.00005645	316	5295416	298.94104032619913	298.94104032619913	?b
?e  <dealsWith>  ?a  ?e  <hasOfficialLanguage>  ?b   => ?a  <hasOfficialLanguage>  ?b	0.00005485	0.06475716	0.07784431	0.09647495	0.19311377	0.01863064	0.01503281	52	668	10.041916167664674	10.041916167664674	?a
?e  <isMarriedTo>  ?a  ?e  <hasChild>  ?b   => ?a  <hasChild>  ?b	0.00388062	0.31839031	0.57565326	0.57565326	1	0.57565326	0.57565326	3679	6391	3679.0	3679.0	?b
?e  <hasOfficialLanguage>  ?b  ?e  <isLocatedIn>  ?a   => ?a  <hasOfficialLanguage>  ?b	0.00001899	0.02241594	0.14285714	0.64285714	0.77777778	0.5	0.11111111	18	126	14.0	14.0	?a
?a  <dealsWith>  ?f  ?f  <participatedIn>  ?b   => ?a  <participatedIn>  ?b	0.0009546	0.06458289	0.02056958	0.02056958	1	0.02056958	0.02056958	905	43997	905.0	905.0	?b
?e  <dealsWith>  ?a  ?e  <participatedIn>  ?b   => ?a  <participatedIn>  ?b	0.00086283	0.05837437	0.03884325	0.03884325	1	0.03884325	0.03884325	818	21059	818.0	818.0	?b
?a  <influences>  ?f  ?f  <influences>  ?b   => ?a  <influences>  ?b	0.00261064	0.17741935	0.04255502	0.04255502	1	0.04255502	0.04255502	2475	58160	2475.0	2475.0	?b
?e  <influences>  ?a  ?e  <influences>  ?b   => ?a  <influences>  ?b	0.00265494	0.18043011	0.01573932	0.01573932	1	0.01573932	0.01573932	2517	159918	2517.0	2517.0	?b
?a  <influences>  ?f  ?b  <influences>  ?f   => ?a  <influences>  ?b	0.00199041	0.13526882	0.02812262	0.04357666	0.35464016	0.01545403	0.00997341	1887	67099	669.2059792247276	669.2059792247276	?b
?b  <hasCapital>  ?f  ?a  <livesIn>  ?f   => ?a  <livesIn>  ?b	0.00070039	0.04550127	0.13490451	0.13490451	1	0.13490451	0.13490451	664	4922	664.0	664.0	?a
?a  <diedIn>  ?f  ?f  <isLocatedIn>  ?b   => ?a  <livesIn>  ?b	0.00018459	0.01199205	0.0130597	0.38546256	0.9661194	0.37240285	0.01261723	175	13400	169.07089552238804	169.07089552238804	?a
?a  <wasBornIn>  ?f  ?b  <wasBornIn>  ?f   => ?a  <hasChild>  ?b	0.00035547	0.02916486	0.00003546	0.00080836	0.95613408	0.0007729	0.0000339	337	9503871	322.21718655482584	322.21718655482584	?b
?a  <isMarriedTo>  ?f  ?f  <livesIn>  ?b   => ?a  <livesIn>  ?b	0.00019092	0.01240321	0.33705773	0.6988417	0.51769088	0.36178397	0.17449171	181	537	93.70204841713222	93.70204841713222	?a
?a  <livesIn>  ?f  ?f  <isLocatedIn>  ?b   => ?a  <livesIn>  ?b	0.00098941	0.06427739	0.1780224	0.1780224	1	0.1780224	0.1780224	938	5269	938.0	938.0	?a
?a  <livesIn>  ?f  ?f  <hasCapital>  ?b   => ?a  <livesIn>  ?b	0.00069301	0.04502159	0.18533145	0.18533145	1	0.18533145	0.18533145	657	3545	657.0	657.0	?a
?a  <wasBornIn>  ?f  ?f  <isLocatedIn>  ?b   => ?a  <livesIn>  ?b	0.00036707	0.02384705	0.01030256	0.15330396	0.93279649	0.1430014	0.0096102	348	33778	324.61318017644624	324.61318017644624	?a
?e  <hasCapital>  ?b  ?a  <isCitizenOf>  ?e   => ?a  <livesIn>  ?b	0.00021202	0.01377373	0.01475338	0.17693662	0.91661773	0.16218324	0.01352321	201	13624	184.24016441573693	184.24016441573693	?a
?e  <influences>  ?b  ?a  <influences>  ?e   => ?a  <influences>  ?b	0.00261064	0.17741935	0.04255502	0.04255502	1	0.04255502	0.04255502	2475	58160	2475.0	2475.0	?b
?e  <isMarriedTo>  ?a  ?e  <livesIn>  ?b   => ?a  <livesIn>  ?b	0.00017826	0.01158089	0.22807018	0.68421053	0.66666667	0.45614035	0.15204678	169	741	112.66666666666669	112.66666666666669	?a
?a  <isPoliticianOf>  ?f  ?b  <isLocatedIn>  ?f   => ?a  <diedIn>  ?b	0.00038184	0.01633869	0.0004068	0.0012178	0.66595045	0.00081099	0.00027091	362	889862	241.07406316934535	241.07406316934535	?a
?a  <isCitizenOf>  ?f  ?f  <hasCapital>  ?b   => ?a  <diedIn>  ?b	0.0007257	0.03105254	0.05049912	0.38457239	0.86868761	0.33407327	0.04386796	688	13624	597.6570757486788	597.6570757486788	?a
?a  <influences>  ?f  ?f  <isCitizenOf>  ?b   => ?a  <isCitizenOf>  ?b	0.000154	0.01002059	0.10564399	0.51957295	0.79667149	0.41392896	0.08416356	146	1382	116.31403762662808	116.31403762662808	?a
?a  <livesIn>  ?f  ?b  <hasCapital>  ?f   => ?a  <isCitizenOf>  ?b	0.00021202	0.01379547	0.04083706	0.20700309	0.80272247	0.16616603	0.03278082	201	4922	161.3472165786266	161.3472165786266	?a
?a  <livesIn>  ?f  ?f  <isLocatedIn>  ?b   => ?a  <isCitizenOf>  ?b	0.00021729	0.01413864	0.0390966	0.48130841	0.91877017	0.44221181	0.03592079	206	5269	189.26665401404443	189.26665401404443	?a
?a  <diedIn>  ?f  ?b  <hasCapital>  ?f   => ?a  <isCitizenOf>  ?b	0.0007257	0.04722032	0.02769949	0.18057743	0.84660601	0.15287794	0.02345056	688	24838	582.4649327643127	582.4649327643127	?a
?a  <diedIn>  ?f  ?f  <isLocatedIn>  ?b   => ?a  <isCitizenOf>  ?b	0.00063816	0.04152368	0.04514925	0.48130469	0.90619403	0.43615544	0.04091398	605	13400	548.2473880597015	548.2473880597015	?a
?a  <wasBornIn>  ?f  ?b  <hasCapital>  ?f   => ?a  <isCitizenOf>  ?b	0.00102949	0.06698696	0.02492657	0.19817259	0.87421785	0.17324601	0.02179126	976	39155	853.2366236751373	853.2366236751373	?a
?a  <livesIn>  ?f  ?b  <isLocatedIn>  ?f   => ?a  <livesIn>  ?b	0.00099679	0.06475708	0.00029783	0.00029783	1	0.00029783	0.00029783	945	3172924	945.0000000000001	945.0000000000001	?a
?a  <wasBornIn>  ?f  ?f  <isLocatedIn>  ?b   => ?a  <isCitizenOf>  ?b	0.00133433	0.08682224	0.03745041	0.57421698	0.93478003	0.53676657	0.0350079	1265	33778	1182.4967434424773	1182.4967434424773	?a
?a  <actedIn>  ?b  ?a  <created>  ?b   => ?a  <produced>  ?b	0.00021834	0.01025971	0.20638086	0.38983051	0.47058824	0.18344965	0.0971204	207	1003	97.41176470588235	97.41176470588235	?b
?a  <created>  ?b  ?a  <directed>  ?b   => ?a  <produced>  ?b	0.00106641	0.05010904	0.1610642	0.37472202	0.57017684	0.21365781	0.09183508	1011	6277	576.4487812649354	576.4487812649354	?b
?a  <hasChild>  ?f  ?b  <hasChild>  ?f   => ?a  <isMarriedTo>  ?b	0.00198198	0.15667473	0.17321165	0.40981461	0.57734145	0.23660296	0.10000227	1879	10848	1084.8245759587019	1084.8245759587019	?b
?a  <isLocatedIn>  ?f  ?f  <isLocatedIn>  ?b   => ?a  <isCitizenOf>  ?b	0.00022256	0.01448181	0.00401278	0.54241645	0.99260203	0.53840367	0.00398309	211	52582	209.43902856490814	209.43902856490814	?a
?a  <isCitizenOf>  ?f  ?b  <isLocatedIn>  ?f   => ?a  <livesIn>  ?b	0.00022045	0.01432194	0.00004386	0.00053172	0.91752102	0.00048787	0.00004024	209	4765614	191.7618923815483	191.7618923815483	?a
?a  <livesIn>  ?f  ?b  <livesIn>  ?f   => ?a  <isMarriedTo>  ?b	0.00016138	0.01275744	0.00023529	0.00811757	0.97101476	0.00788228	0.00022847	153	650262	148.5652583112653	148.5652583112653	?b
?a  <created>  ?f  ?b  <created>  ?f   => ?a  <isMarriedTo>  ?b	0.00014978	0.01184024	0.00102797	0.02368245	0.9565935	0.02265448	0.00098335	142	138136	135.83627729194416	135.83627729194416	?b
?a  <directed>  ?f  ?b  <actedIn>  ?f   => ?a  <isMarriedTo>  ?b	0.00015189	0.012007	0.00193942	0.00816419	0.76244798	0.00622477	0.00147871	144	74249	109.79250899002007	109.79250899002007	?b
?a  <actedIn>  ?f  ?b  <directed>  ?f   => ?a  <isMarriedTo>  ?b	0.00016771	0.01325773	0.00214144	0.01458849	0.85321014	0.01244705	0.0018271	159	74249	135.66041293485435	135.66041293485435	?b
?a  <produced>  ?b  ?a  <created>  ?b   => ?a  <directed>  ?b	0.00106641	0.03020345	0.49827501	0.58676727	0.15081321	0.08849225	0.07514645	1011	2029	152.47215377033027	152.47215377033027	?b
?a  <isCitizenOf>  ?f  ?b  <isLocatedIn>  ?f   => ?a  <diedIn>  ?b	0.00063816	0.02730637	0.00012695	0.00056565	0.77556428	0.00043869	0.00009846	605	4765614	469.21639058471794	469.21639058471794	?a
?a  <actedIn>  ?b  ?a  <created>  ?b   => ?a  <directed>  ?b	0.00040504	0.01147193	0.38285145	0.45229682	0.15353938	0.06944537	0.05878277	384	1003	58.9591226321037	58.9591226321037	?b
?e  <isMarriedTo>  ?a  ?e  <actedIn>  ?b   => ?a  <directed>  ?b	0.0003734	0.01057569	0.00967398	0.01162333	0.16770967	0.00194934	0.00162242	354	36593	59.36922362200421	59.36922362200421	?b
?a  <isCitizenOf>  ?f  ?f  <hasCapital>  ?b   => ?a  <wasBornIn>  ?b	0.00102949	0.01744009	0.07163829	0.26872247	0.73341163	0.19708418	0.05254035	976	13624	715.809747504404	715.809747504404	?a
?a  <actedIn>  ?f  ?b  <actedIn>  ?f   => ?a  <isMarriedTo>  ?b	0.00053373	0.04219128	0.0013577	0.00637529	0.78703748	0.00501759	0.00106856	506	372690	398.24096702353165	398.24096702353165	?b
?e  <isLocatedIn>  ?b  ?a  <isLocatedIn>  ?e   => ?a  <isCitizenOf>  ?b	0.00022256	0.01448181	0.00401278	0.54241645	0.99260203	0.53840367	0.00398309	211	52582	209.43902856490814	209.43902856490814	?a
?e  <created>  ?a  ?e  <created>  ?b   => ?a  <isMarriedTo>  ?b	0.00021413	0.01692654	0.00004852	0.02545135	0.9980937	0.02540284	0.00004843	203	4184022	202.6130211552425	202.6130211552425	?b
?a  <isCitizenOf>  ?f  ?b  <isLocatedIn>  ?f   => ?a  <wasBornIn>  ?b	0.00133433	0.02260422	0.00026544	0.00083455	0.68193332	0.00056911	0.00018101	1265	4765614	862.64565594276	862.64565594276	?a
?a  <diedIn>  ?f  ?b  <diedIn>  ?f   => ?a  <isMarriedTo>  ?b	0.00019725	0.01559243	0.00004655	0.00093241	0.95007207	0.00088586	0.00004423	187	4016890	177.66347721744933	177.66347721744933	?b
?a  <hasWonPrize>  ?f  ?b  <hasWonPrize>  ?f   => ?a  <influences>  ?b	0.00022573	0.0153405	0.00001209	0.00119607	0.98989078	0.00118397	0.00001197	214	17698692	211.8366265710483	211.8366265710483	?b
?e  <isCitizenOf>  ?b  ?a  <influences>  ?e   => ?a  <isCitizenOf>  ?b	0.000154	0.01002059	0.10564399	0.51957295	0.79667149	0.41392896	0.08416356	146	1382	116.31403762662808	116.31403762662808	?a
?a  <isCitizenOf>  ?f  ?b  <isCitizenOf>  ?f   => ?a  <influences>  ?b	0.00019197	0.01304659	0.00001315	0.00033134	0.96031716	0.00031819	0.00001263	182	13841800	174.7777222615556	174.7777222615556	?b
